department,title,ask,answer
肝病科,小三阳咋样子的医治好？,我作血清检验有小三阳，但总胆红素8.0丙氨酸转氨酶51H您好怎么治疗为好,如果检验乙肝两对半是小三阳，建议去医院做乙肝病毒DNA指数仔细检查，如果乙肝病毒DNA指数高。需要有口服乙肝病毒的药物治疗。不定期复检病毒指数。除了治疗肝病外，建议患者在日常生活中要留意饮食，并且要始终保持愉快的心情，以此来增强体质放慢康复速度。
肝病科,我想了解乙肝小三阳要治疗吗？,乙肝小三阳患者，肝功能正常，乙肝表面抗原>250lU/Ml，乙肝e抗体0.08S/CO，乙肝核心抗体7.57S/CO，DNA病毒1.79*10^4，其它的都正常需要有实施抗病毒治疗吗？这种情况下吃中药可以把病毒降下来吗？,根据你给出的问题，乙肝小三阳患者病毒量在低位，目前肝功能正常，可以暂时不考虑抗病毒治疗，留意歇息，不定期复检就可以。目前来说中药还不能够使乙肝表面抗原转阴，或者是减低病毒量，有不确定性，而且中药也可能会额外的引发肝脏伤损，一定不可以擅自服食。乙肝这种疾病不易全愈。患者朋友理应保持良好的心态，用积极的心态去直面它，只有这样才能降低患者抗衡乙肝的信心，认为这样一定能获得康复。
感染科,丙型病毒性肝炎吃什么好？,姐姐患丙型病毒性肝已经治疗了很长的时但是现在的情况还不是很稳您好丙型病毒性肝炎吃什么好一些？,饮食不宜过防止过量排便肝脏是人体重要的分解代谢和驱毒器官。肝病肝细胞的分解代谢和修补需要有营养和优质食物但营养必须适当平衡。过量饮食往往致使消化不不可避免地增强了胃、肠、肝、脾、胰腺等消化器官和组织的压同时也增强了压力。祝患者身体早日恢复健康！
呼吸科,经常感冒咳嗽反反复复要如何治疗？,由于天气原得了感冒。吃了药后会有所转但是隔段时间就会病发。一直这样反反复复。想问下经常感咳反反复复病发该怎么办？,根据你所叙述的情况来可能会是由于体质虚弱的原建议去医院实施仔细检查接种疫苗感冒疫苗。同积极举办户外活以增加个人抵抗力。根据天气的变动及时多寡衣防止着饮食以清淡的食物为基础。平时留意增加身体的免疫锻炼身体是增强体质最有效的方法。恰当规划作不加班。经常加班可以降低人体的免疫力。
呼吸科,感冒咳嗽吐沫多没有鼻涕怎么回事？,我应当被我的同事传他们都感冒因为今天我总觉着我咳和吐痰许但没流鼻涕。我只是觉着虚弱和头痛。我不想说话。我想问咳和吐痰可有流鼻涕。我应当吃什么药？,你也传染了这种情有点感冒的早期症可以口服清肺凉血和清热解毒的药物治疗。或者做雾化吸进疗或者去专业按摩店做推拿。留意歇少培多喝白开水。多吃蔬菜和水多吃有营养的食少吃油腻和辛辣的食物。留意消化足够多的营生病期间对营养素的需要量相对较营养不抵抗力就比较所以一定要办到营养均衡。
呼吸科,感冒咳嗽发烧呕吐怎么办？,今天早晨的时候，我就觉着浑身无力，起不来。本来以为只是感冒了，就吃了一点儿感冒药。但是到傍晚的时候，觉着特别冷，一量体温，发烧了。您好，感冒咳发烧干呕怎么办呢？,你目前再次出现特别冷，主要考虑就是发烫致使再次出现的情况的，目前的症状主要考虑就是有一定的胃肠型感冒的表现出的，建议你实施一下肺部的胸片和c反映蛋白以及血常规等各方面的化验仔细检查，就可以明确一下具体的原因等，然后针对性运用抗菌药物和清肺的药物等，实施对症治疗的
呼吸科,小孩感冒咳嗽发烧怎么办?,我儿子今年5岁，最近不知晓婆婆带他去哪里玩，回去之后就感冒咳发烧，夜间咳嗽的特别严重，吃了药都不见踪影好，您好医生，这种小孩感冒咳发烧怎么办?,五岁的孩子再次出现的感冒咳，体温下降的表现出，这种情况应当考虑的是支气管炎引来的可能性，这种情况恰当的使用抗菌药物，清肺凉血药物的关键的，但是应当在医师的指导下服食以上的药物，留意孩子的体温变动，多给孩子喝水，必要时实施儿科的仔细检查。祝健康。
呼吸科,感冒咳嗽无痰该怎么治疗？,这两天我因为淋雨感冒了，感冒引来了咳但是没痰，感冒咳无痰该怎么治疗？,因为淋雨再次出现了感冒了，感冒引来的咳无痰也拥有是感冒的个症状，因为感冒多是病毒性引来的上呼吸道感染，建议你使用复方感冒灵片，抗病毒口服液，蛇胆川贝液等，具体用药谨遵医嘱，要多留意喝水，尽量不要吃干热闹肚子和刺激性的东西。祝福患者早日康复，拥有健康的身体和美好的生活。
呼吸科,感冒咳嗽能吃什么可以缓解？,感冒咳能吃什么可以缓解？,感冒引来来的咳，这个情况可以喝点清开灵，或者是双黄连口服液，如果咳有痰，那可以互相配合氨溴索两块吃，这个期间应当留意防寒，留意多喝热水，不要吃太油腻的食物，不要吃辛辣的食物，以免影响呼吸道致使，气管炎或者肺炎的再次发生。留意清淡饮食。祝健康。
呼吸科,宝宝感冒咳嗽痰多流水样鼻涕应该怎么办？,我有个朋友的孩子，就是最近一段时间天气不是很好，然后不小心感冒了，我觉着孩子挺严重的，我想问问医生，宝宝十个月了，因感冒咳，痰多，流水样鼻涕，应当怎么办？,亲爱的咨询者您好，宝宝咳嗽痰多流水样鼻涕，可以决定合适的感冒药物对症治疗，还可以互相配合许多食疗的方法比如说使用冰糖梨川贝煮水喝，大蒜冰糖煮水，防止孩子着凉，对症治疗，仔细观察几天，如果症状持继的不稳定，需要有到医院做一下仔细检查，然后再给与治疗。
呼吸科,孕妇感冒咳嗽鼻塞怎么办？,一直想要个宝宝，怀上有四五个月，换季时不小心着凉感冒了，咳鼻塞，但据说孕妇不能够喝药，我个人也比较难过吃了药对宝宝的生长发育有影响，所以想您好孕妇感冒咳鼻塞怎么办？,您好，现在是怀上阶段，如果有感冒的症状的话，您可以决定使用中成药物来实施治疗，一般可以用莲花清瘟，这个效果也比较好，没任何的副作用，另外您一定要留意多喝水，留意歇息，这样就可以帮助彻底恢复的。除了就是如果身体上再次出现其他异常的表现出，一定要及时的去仔细检查。
呼吸科,感冒咳嗽有痰吃什么药？,医生，你好。我已经开学有几周了，但是我也感冒了好几周，可能会是水土不服的原因吧。我一直都有在咳，而且还会有痰，我吃了许多药都不见踪影效果。那感冒咳有痰吃什么药呢？,您好咳有痰与感冒，咽喉炎扁桃体炎，上呼吸道感染支气管炎等原因关于，不能够排除肺炎可能会，可以服食连花清瘟胶囊，扑尔敏片，氨溴索口服液等药物治疗调养，多喝温水多吃蔬菜水果润喉增进痰咳出有助于病情彻底恢复，留意个人卫生防止着凉不要吃辣的。
呼吸科,风寒感冒咳嗽白痰怎么治疗？,风寒感冒咳白痰怎么治疗？,风寒感冒，咳有白痰的患者，主要症咳嗽痰多色白量多，兼具胸脘作闷，鼻塞，流清涕，全身酸痛，易疲劳等症状。临床诊断上常用杏苏散和二陈丸实施治疗。在用药物治疗的同时，应忌食辛辣刺激性的食物和寒凉性食物，多吃易消化营养丰富的食物，宜清淡饮食，留意歇息。
呼吸科,3岁宝宝感冒咳嗽流清鼻涕怎么办？,儿子今年3岁，前两天感冒了有点高烧，有时候温度高没过多久就退下去了，然后又高下来，而且一直咳嗽流鼻涕，您好3岁宝宝感冒咳，流清鼻涕，不思饮食，还高烧怎么办？,三岁小孩感冒咳考虑大多数是病毒引来的西药就可以，就可能会效果更好，也退热了，可以吃点布洛芬，对乙酰这个都可以，吃点儿小儿感冒的药，比方说小儿氨酚黄纳米颗粒，让孩子多喝水，多喝热水，不要让孩子有过量的活动，少吃许多垃圾食品。祝福患者早日康复，拥有健康的身体和美好的生活。
呼吸科,感冒咳嗽胸部麻木15天是怎么回事？,感冒咳胸部麻木15天是怎么回事？,感冒咳再次出现胸部麻木的症状，一般都是由于遭到了一定的影响才会引来的，这时候有可能是长时间的异常受力引来了局部神经损伤，或者是说因为长期的咳所引来的，所以说这种情况只有咳停止下来之后，症状才会慢慢彻底恢复，一般可以使用甘草片或者是清肺糖浆来治疗。
呼吸科,请问医师感冒咳嗽如何解决,在空调房里吹空调，然后晚上没盖好被子，第三天发觉头有点晕，再次出现鼻塞，觉着自己感冒了，然后嗓子特别不舒服，感觉被什么堵上了，之后就一直在咳，感觉嗓子咳多了都痛了，声音也变得暗哑了，怎么解决感冒咳呢?,再次出现的咳，是患上了感冒引来的，感冒多拥有是病毒性引来的上呼吸道感染，一般是着凉引来的，建议你服食中成的感冒药治疗和清肺凉血的药物治疗，如抗病毒口服液，蛇胆川贝液等具体用药谨遵医嘱，留意清淡饮食，预防工作着凉感冒，不要吃刺激性的东西。祝健康。
呼吸科,怀孕初期感冒咳嗽吃什么药？,我现在怀上1个多月了，怀上初期感冒咳吃什么药？怀上生病的话该怎么办呢？,在孕早期，女性身体条件如果不好的话，再加上又有生命需要有消耗体内大量的营养是容易再次出现感冒发烧咳等症状表现出的。如果症状比较严重的话，仅仅多喝水可能会是无法解决。这个情况最好去医院弄清楚感冒咳的类型，这样才好针对性的使用药物，在孕期用药一定要慎重，不能够使用孕期停止使用药物。
呼吸科,感冒咳嗽的推拿手法？,已经感冒好长时间了，还咳，都还没有好，不知晓哪里有治感冒咳的针灸手法，有谁知道感冒咳的针灸手法？,亲爱的咨询者您好，患感冒咳后不宜使用针灸推拿等方法，需要有根据症状服食感冒咳药物实施治疗，没发烧，同时有流鼻涕，打嗝，咳等决定美敏伪麻口服液，联手氯雷他定分散片，复方右美沙芬清肺糖浆治疗，咳1周以上没转好的需要有去医院仔细检查如何支原体感染等引来。
呼吸科,小儿感冒咳嗽推拿手法？,宝宝感冒了，家里人都说不喝药了，宝宝太小了，少喝药，小儿感冒咳针灸手法有哪些？,宝宝感冒咳，要质疑是受寒，身体抵抗力差，感冒引来上呼吸道感染，可以推拿小横纹，天突穴，对咳感冒效果很好。多给宝宝喝水，清淡饮食，始终保持室内空气新鲜，不要受寒。可以用冰糖炖雪梨吃，有润肺清肺，凉血祛痰的功效，可以互相配合吃头孢克洛颗粒，氨溴索颗粒，蛇胆川贝液治疗。
呼吸科,感冒咳嗽支气管发炎怎么办？,这几天我感冒比较严重，而且一到晚上就一直咳不停。就致使我的支气管发炎了，比较严重。因此我想问感冒咳，支气管发炎了怎么办？,对于这种情况，可以口服琥乙红霉素片，复方甘草片，氨溴索口服液等药物实施治疗，另外，也可以煎服清肺凉血，润肺等中药互相配合治疗，再者，要留意多歇息，适当多喝些白开水，防止受寒，如果没明显减轻的话，可及时到医院复诊，输液治疗。祝福患者早日康复，拥有健康的身体和美好的生活。
呼吸科,小儿支气管炎治疗吃什么好？,患者最近感觉浑身都不怎么舒服，小儿支气管炎治疗吃什么好？,小儿支气管炎如果不严重的时候，一般情况下是不建议用消炎药治疗的，可以喝点小儿清肺凉血口服液。或者是橘红颗粒这两类的润肺清肺凉血的药物治疗。如果感觉炎症特别严重的时候，可以吃点消炎的药物，阿莫西林或者是头孢氨苄。平时还应当留意防寒，不要着凉。
呼吸科,小儿支气管炎引起的咳嗽咋样治疗？,小儿支气管炎引来的咳咋样治疗？,支气管肺炎引来的咳，这个情况可以喝小儿橘红颗粒，互相配合阿奇霉素，或者是百蕊颗粒，互相配合头孢氨苄治疗。如果有痰的情况下，可以和氨溴索口服液。如果再次出现喘的现象，可以互相配合，孟鲁司特咀嚼片。平时应当留意防寒，不要吃辛辣油腻的食物。祝健康。
呼吸科,请问有哪些治疗小儿支气管炎方法呢？,医生，你好！我儿子最近患上了支气管炎。我不知晓这是由于什么引来的？您好有哪些可以治疗小儿支气管炎方法？有哪些药是可以吃的呢？生活上有哪些地方是需要有特别注意的吗？,支气管炎的再次发生于传染因素有关系，比如说细菌病毒或者支原体的传染是比较常见的原因，建议，传染支气管炎之后可以做有关的仔细检查，初步的确认原因，再决定对症的药物实施治疗，日常生活中要留意防寒，防止着凉，也可以互相配合许多食疗的方法。祝您健康。
呼吸科,小儿支气管炎用药哪个比较好呢？,三岁的儿子最近查出来了支气管炎，医生给用药，您好小儿支气管炎用药哪个比较好呢？,孩子得了支气管炎，有的是细菌感染，有的是病毒感染，所以不同的支气管炎决定不同的药物。如果是细菌感染引来的，可以使用阿莫西林或者头孢等抗生素实施治疗，如果是病毒感染，可以使用奥司他韦，如果是支原体感染，可以使用阿奇霉素等。具体药物的用法用量请遵医嘱。
呼吸科,小儿支气管炎怎样治疗好？,您好，我儿子连续咳两个星期了，打了点滴，吃了药都不见踪影好，昨天做了全面仔细检查，说是已经演变陈支气管炎了，现在要治好更难了，您好医生，小儿支气管炎，怎样治疗好？,宝宝在有支气管炎期间，应当留意防寒，不要着凉，还需要有留意清淡饮食。不要吃太油腻的食物，因为太油腻的食物容易致使咳痰液的不断增多。可以喝点小儿清肺凉血口服液，互相配合铺地蓝口服液。这种药物拥有是中成药制剂，能起些润肺清肺凉血的作用。祝您健康。
呼吸科,小儿支气管炎严重不？,宝宝这两天着凉之后就一直咳，而且喉咙还很响到医院去仔细检查发觉是小儿支气管炎严重不？,您好，儿童肺部生长发育不完善，免疫力也比较低，再次出现小儿支气管炎是呼吸道感染比较易发的疾病，和细菌病毒感染有关系。咳得厉害的可以口服氨溴特罗口服液加达力芬，低于一岁的体重高于20斤留意药物加量，症状用药3-5天不缓解需要有到医院复诊。祝健康。
呼吸科,小儿支气管炎吃什么好,我儿子早两天淋了一点儿雨，感冒又咳。给他吃了一点儿感冒药就没去管他。咳越来越严重，昨天带他去看了一下，说变作了小儿支气管炎。您好小儿支气管炎吃什么好？,如果有小儿支气管炎，这拥有是炎症传染，需要有用消炎的药物治疗。可以吃小儿清肺凉血口服液，互相配合阿莫西林，或者是头孢克肟这两类的消炎药物治疗。在这期间还应当留意防寒，不要着凉清淡饮食，不要吃太油腻的食物。还需要有留意多喝热水增进彻底恢复。祝健康。
呼吸科,感冒咳嗽胸部麻木15天是怎么回事？,感冒咳胸部麻木15天是怎么回事？,感冒咳再次出现胸部麻木的症状，一般都是由于遭到了一定的影响才会引来的，这时候有可能是长时间的异常受力引来了局部神经损伤，或者是说因为长期的咳所引来的，所以说这种情况只有咳停止下来之后，症状才会慢慢彻底恢复，一般可以使用甘草片或者是清肺糖浆来治疗。
呼吸科,冷感冒咳嗽应该吃什么药？,这几天很我就吃了好几根雪到了晚上睡午觉又没盖被谁知道第三天早上下来又又感可真痛。我又不喜欢去医就一直没可今天好象又严重了。在乎怎样的帮助：冷感冒咳应当吃什么药?,你好，这种情况必须多歇始终保持充足的深度睡多喝多吃蔬菜和水饮食应清淡易消留意防寒和复检。咳是一种常见的感冒病是人体的一种保护性反映。如果咳用药不不仅不能够清肺还会缓解病情。如果咳剧建议到医院化验血常仔细检查肺部拍片防止引来支气管炎或者肺炎。
呼吸科,宝宝感冒咳嗽应该咋办？,医生你我家宝宝三岁现在感冒有点尤其是晚上特别厉有时候睡午觉都睡不想问一下一张这种情况应当怎么办？用用不着去打点滴？,根据你所叙述的症我有如下建议：如果孩子的咳是一种刺激性的轻并且在晚上很明这种情况是可以考虑支原体感染而引来的呼吸道感染的表现出。多是由于感冒的时候抵抗力上升引来的。最好带孩子到医院的小儿科做血常支原体抗体和胸部X光根据医生的建这样比较好。在饮食上一定要清否者肥腻。
呼吸科,风热感冒咳嗽吃什么好的快？,天气越来越冷了。我需要有穿漂亮的衣而且看上去很瘦方才能胜任这份培所以我因为穿单薄的衣服而感冒了。我还流鼻有点发烧。我觉着我要奔溃了。您好能告诉我风热感冒咳吃多快吗？,西药治疗感冒一般是抗病毒救用重感冒、速效、酚麻美敏混悬液等治疗。如果再次出现咳症还需要有清肺、咳必清、高热等止咳用柴胡针和清开灵或尼美舒利救而治疗感冒的中药应区别于感冒又感冒可视作鼻堵血流通畅。金银花具备清热解毒效对治疗风热感冒有良好的疗效。
呼吸科,怀孕4个多月感冒咳嗽要如何治疗？,我已经怀上四个多月了。这些天我身体不好。我感冒咳了。我觉着很不舒不敢喝所以我想请医生给我许多好建议。怀上4个月后如何治疗感冒和咳？,怀上4个月以尽量不要服食西药治疗感冒和咳。有人建议你可以服食中药实施调养。一般来一段时间后条件会有所改善。或病人可以在家煮许多冰糖梨水来清肺。平时不要吃辛辣影响的食多喝多吃新鲜水果和蔬这将有利于病人恢复健康。建议在怀上期作好保饮食营养配搭恰多吃新鲜的果疏和含蛋白质的饮及时作好各项的仔细检不定期产有异常情需要有及时复诊。
呼吸科,孕妇感冒咳嗽应该吃什么药？,孕妇感冒咳吃什么药？,这种情况的话就是如果不是很严重的建议多喝点多留意歇息如果很严重的建议去医院抽血化验个血常除了就是超敏c反映蛋白看一看这两个指如果个子都很厉害的就需要有实施抗生素解决另一种如果问题不那么只需多吃水果和蔬多留意歇一般情况良或者你可以吃许多中成然后调养治疗。
呼吸科,孕期女性感冒咳嗽痰吃什么？,我怀上已经5个多月这段时间总是感冒而且痰也挺多也没敢乱喝孕期女性感冒咳痰吃什么？,孕期女性再次出现感冒咳嗽痰在食疗的方法没效那么可以到医院救排除肺部感染或者是支气管肺然后实施药物救在决定药物时应当要尽量的防止决定透过来胎盘屏障的药具体药物的用法用量应当按照临床诊断医生的医嘱。平时饮食习惯要良孕妇尽量办到饮食清淡。另因为孕妈在这个特殊时千万千万不要私自服食任何药物。
呼吸科,感冒咳嗽吐沫多没有鼻涕怎么回事？,我应当被我的同事传他们都感冒因为今天我总觉着我咳和吐痰许但没流鼻涕。我只是觉着虚弱和头痛。我不想说话。我想问咳和吐痰可有流鼻涕。我应当吃什么药？,你也传染了这种情有点感冒的早期症可以口服清肺凉血和清热解毒的药物治疗。或者做雾化吸进疗或者去专业按摩店做推拿。留意歇少培多喝白开水。多吃蔬菜和水多吃有营养的食少吃油腻和辛辣的食物。留意消化足够多的营生病期间对营养素的需要量相对较营养不抵抗力就比较所以一定要办到营养均衡。
呼吸科,感冒咳嗽有痰怎么吃好的快？,前两天吹空调感冒吃了许多药效果不怎么想要理解一下感冒咳有痰吃什么东西好的快？,如果感冒伴发在姜红糖水中参与2到3瓣大蒜煮。将水、红糖、姜和大蒜放入锅用小火煮10分钟左右。长时间煮开的目的是为了煮开大蒜的辛辣味这样会更好。2。蒸大蒜水。首取2-3片大四分五裂后放入碗中。在加半的大蒜水热大蒜就不能够吃了。通常一天2-3个小碗。蒜入脾、胃、肺稳定感冒肾虚咳效果更佳。
呼吸科,感冒咳嗽可不可以吃花生？,我前段时间感冒然后就已经开始嗓子不舒服一直在我昨天吃了一点儿花不知晓可有干扰啊？您好咳可以吃花生吗？,花生对咳没干也绝不会缓解病情。咳应当积极治疗。我是建议你去医院仔细检查。如果是由病毒感染引来你可以口服许多抗病毒药物。如果是由细菌感染引来你可以服食许多消炎药来清肺。出外时戴上口去不太拥挤不堪的地方以防交叉感染。在饮食上呢饮食要清淡一点多吃蔬菜、水等食物。
呼吸科,感冒咳嗽流鼻子应该怎么治疗？,因为最近天气变凉了的原我没及时提供衣物致使自己感冒咳还留鼻前几天我在药店买了点吃了也没什么效这两天病情有点缓解您好感冒咳流鼻子怎么治疗？,建议首先服食许多抗感冒的可以首先决定氨酚脘氨这两类的药物既能治疗流感的症状又能抗衡流感病同时也可以酌情使用许多头孢类的消炎如果嗓子疼痛红酌加许多清热解毒的中成连续治疗3~5天约这些症状一般能获得压这期间一定要留意测量体温。总尽快就按照医生的叮嘱去喝千万千万不要自己自作主这样的危害是很大的。
呼吸科,感冒咳嗽有点发烧怎么回事？,昨天晚上我们那边突然降温而且我睡午觉的时候还讨厌动来动去然后第三天早上下来就有点感冒发低烧而且今天补课的时候还有点您好感冒咳有点发烧应当怎么办啊？,感冒了以后有点发而且有咳的症有可能是和咽喉炎或尿道的炎症有关系。可以服食点感冒药和抗病毒的药物救服食点消炎药和化痰止咳的药多喝多吃营养容易吸收的食要留意如果咳的时间不长的是不需要实施支原体抗体检验应当考虑细菌性支气管炎等疾病引发的可能考虑如何该去医院做血常规等有关的仔细检确认病因以后再治疗。
呼吸科,咳嗽口腔有血会是肺癌吗,女41岁，没感冒但是早上发觉口腔有血、用力咳也咳出点点鲜血，平时身体很好的，平时身体很好的，最近也没哪里不舒服，现在会是肺癌吗？,您肺部肿瘤可以再次出现血性痰但是还可再次出现咳咳痰和胸部疼痛的情用力咳有鲜血还足见于口腔出血或者咽喉部粘膜伤损所致出血。建议到当地医院口腔科实施口腔检查看有否口腔粘膜破溃或者牙龈出血的情如果有咽喉肿痛还需实施咽喉部仔细检必要时实施胸部CT检查。
呼吸科,得了过敏性哮喘怎么办？,医生我的女儿昨天突然无缘无故已经开始打嗝流鼻涕除了流眼泪，就带她去医院仔细检查了，结果发觉是得了过敏性哮喘，您好医生，小孩得了过敏性哮喘怎么办？能治得好吗？,您好孩子打嗝，流鼻涕，流眼泪与感冒着凉，过敏刺激等原因关于，与哮喘关系不大，过敏性哮喘容易引起咳气喘，呼吸困难等情况，闹肚子碰触过敏原容易反反复复病发，可以口服小儿氨酚黄那敏颗粒，抗过敏等药物治疗调养，天气空气不好出外戴口罩禁止着凉以免刺激反反复复病发。
内分泌科,糖尿病一般需要怎么治疗？,我妈定期检查仔细检查的时候，仔细检查出患糖尿病，糖尿病需要有怎么治疗？我大概知晓是需要有控制糖量，但是不清楚其他除了什么需要有注意的，同时治疗的时候有什么吗？,糖尿病患者首先通过饮食控制和锻练运动，肥胖患者把体重降下来等方式调整一下看一看，如果血糖仍然偏高的话，要考虑决定合适的降糖药治疗，通常可以先决定口服降糖药，并且注意监测数据好血糖；还要防止含糖量高的食物，原则上甜食要尽量避免，还要防止暴饮暴食，适当锻练运动，控制体重。
内分泌科,糖尿病会出现什么症状？,我是不是糖尿病，如何严重，糖尿病的典型症状有哪些?血糖高之后感觉什么东西都不能够吃了，有糖分的东西都不敢吃，怕血糖又高，不知晓是不是变严重了，糖尿病的症状有哪些？,你好，根据你描述的情况看来糖尿病是可以致使血糖异常下降的，可以再次出现三多一少的症状，如喝水多，小便多，饭量大，体重减轻，建议你尽快复诊当地医院内分泌科看一看，需要有让大夫仔细检查你的血糖水平，明确有否糖尿病的情况，及时动用降糖药治疗，平时一定少吃甜食，足量锻练。
内分泌科,治疗糖尿病什么药，疗效较好？,我婆婆今年65岁，前两年仔细检查出糖尿病就一直靠喝药控制治疗，经常说头晕身体不舒服之类的，两年间没断过去医院拿药吃，您好治疗糖尿病什么药，疗效最好？,糖尿病的患者应当口服一些重新调整血糖的药物，常决定的有二甲双胍，格列比嗪，瑞格列奈等，如果一种药物可以把血糖控制在理想范围之内，一般倡导单用药物比较好，平时可以多吃冬瓜，梨，海带，香菇，西兰花菜，胡萝卜等食物，防止大便干结，不要生气，少吃过甜的食物。
内分泌科,糖尿病不吃药靠运动可以痊愈吗？,一个月瘦了20斤，仔细检查说是糖尿病，糖尿病不喝药靠活动可以全愈吗？,您好：糖尿病需要有检验病情的，糖尿病不喝药靠活动不可以全愈。您可以到医院内分泌科复诊一下，实施血糖、糖化血红蛋白、肝功肾功、眼底、下肢动静脉磁共振、末梢神经等仔细检查，根据仔细检查结果再做治疗，可以使用胰岛素或者口服降糖药物治疗。平时注意休息，控制饮食，足量活动，监测数据血糖。祝您早日恢复健康。
内分泌科,口渴体重下降是糖尿病吗？,近半年我的饭量突然减小、讨厌吃甜而且经常口体重上升。您好我是得了糖尿病吗？,你好，根据你的描述，糖尿病是一组以高血糖为特征的代谢性疾病，临床表现有多饮、多尿、多食和消瘦，疲乏无力等，建议及时去医院内分泌科就诊，进一步检查，查空腹血糖，餐后血糖，肝肾功能，尿常规等后，根据检查结果针对性治疗，注意作息、饮食规律，避免熬夜、劳累。
内分泌科,治疗糖尿病用什么药疗效比较好？,我婆婆患糖尿病好多年最近她说自己头晕恶四肢乏我不知晓应当怎么您好治疗糖尿病什么疗效最好？,糖尿病是由隔代遗传和环境因素相互作用而引来的常见临床诊断以高血糖为主要标常见症状有多饮、多尿、多食以及消瘦等。糖尿病的患者主要是在医生的指导下吃许多降糖的药物或者是使用许多胰岛素配置治疗。日常生活中还应当吃许多药物来控制三高，积极的治疗原发病。
内分泌科,什么情况易患糖尿病？,哪些疾病易患糖尿泌尿系统疾病的危害是什么？1型糖尿病的危害是什么？是什么引来的？这种疾病的具体原因是什么？该如何治疗这种疾病？它能有效地自愈吗？会严重吗？,糖尿病危害：糖尿病的慢性并发症对人体危害极大。从血管到神从皮肤到内从眼睛到可以说危险无处不在。尤其是对血管、肾脏、眼睛和脚的伤损尤为薄这是致使冠心病和中风、尿毒症、失聪、截肢的主要原因之一。正确的治疗是病人康复的期望。如果您的健康状况再次出现疾病症请及时到正规医院复以免误机病引发严重后早日康复治疗。
内分泌科,请问糖尿病人能喝伏苓水吗？,糖尿病患者能喝吗？,糖尿病是一种由胰岛素排泄绝对不足引来的内分泌分解代谢疾病。糖尿病易再次发生严重的并发如心脏、大脑、肾脏、眼底和周围血管疾病。建议在医生的指导口服药物与胰岛素治疗相结合。必须控制饮加强锻不定期检验血糖。糖尿病患者可饮用茯苓对降血糖有一定的配置作用。
内分泌科,糖尿病治疗新突破有哪些？,我大伯有糖尿饮食方面伯母很留最近据说有新的糖尿病疗想进行咨询一下糖尿病治疗方面有哪些新的进阶？,糖尿病是一组以高血糖为特征的代谢性疾病。高血糖就是因为胰岛素排泄缺点或其生物作用受或两者兼具引来。目前暂无改善糖尿病的方但通过多种不同治疗手段可以控制好糖尿病。糖尿病时长期存在的高血致使各种联特别是眼、肾、心脏、血管、神经的慢性危害、功能障碍。
内分泌科,血干细胞移植能否康复1型糖尿病？,奶奶患一型糖尿病已经好长时间了。最近感觉身体不我听医生说可以做血干细胞嫁接来缓解症状。您好血干细胞嫁接能不能够改善1型糖尿病？,糖尿病可引来身体多系统的危引来胰岛素绝对或相对排泄不足以及靶组织细胞对胰岛素敏感性减引来蛋白质、脂肪、水和电解质等一连串分解代谢紊乱综合征。并且老年人患1型糖尿病的比较建议于你们当地三甲医院的内分泌科去产检。多吃水果和绿色蔬菜，始终保持心情舒畅。
内分泌科,同时患糖尿病和痛饮食应该注意什么？,我外婆年轻的时候身体很到老了不仅患着糖尿还患痛家里人都很忧所以想问一下同时患糖尿病和痛风饮食上面该怎么留意呢？,淀粉可以为机体提供所需要的能量，但是多余的淀粉会在体内转化为糖分，会加重糖尿病，所以应该限制淀粉的摄入，而糖类更是糖尿病的禁忌，食用糖类能直接加重糖尿病的发病，所以需要限制淀粉不要吃糖，在治疗之余要注意保持睡眠，充足的睡眠才能帮你尽快远离病魔。
内分泌科,糖尿病患者浑身浮肿是怎么回事？,我阿姨已经患了糖尿通常会特别注意她的饮食。她没给她任何甜食。阿姨自己很压绝不会随便吃东但是最近她全身都肿了。糖尿病怎么了？,你根据你的叙糖尿病患者有全身性水肿。考虑到最可能会的并发症是糖尿病肾糖尿病肾病是糖尿病常见的慢性并发建议立即去医院复以免病情进一步继续恶化。内分泌科或肾内科应进一步检查和检验疾病的严重程必要时应在医院进一步治疗，在治疗之余要注意保持睡眠，充足的睡眠才能帮你尽快远离病魔。
内分泌科,日常生活如何有效的预防糖尿病？,朋友最近得了糖尿每天都会觉着头特别的还老是会再次出现想小便的症想进行咨询一下医生日常生活如何有效的预防工作糖尿病,由于走路增强细胞胰岛素受体的数让胰岛素的利用效率更高。试验发天天走35分钟的糖尿病患病风险降低80%。过度肥胖的人花掉5%的体重就能将糖尿病发病率减低70估算一下逐日的摄入看一看自己该少吃有多少。另外多吃全谷物食物也能减低患2型糖尿病的危险。试验也引高血糖者多走扩张成糖尿病的风险增加40%。
内分泌科,糖尿病脸肿是具体怎么回事？,我外公患糖尿病已经好长时间了。最近好象又有了新的情况再次发他的脸最近特别的我们都不知晓是为什所以我想讨教几糖尿病脸肿是怎么回事呢？,由糖尿病并发症引起的。面部水肿可能是肾功能和心脏病的原因，但如果不仔细检查很难确定病因。口服药物治疗。也可能有炎症和其他疾病的迹象，但有些水肿不是疾病的表现，而是一种生理反应。只要你注意一下自己，你就会找到原因。如果你吃得太咸，很容易引起身体水肿的问题。
内分泌科,治疗糖尿病秘方有什么？,得糖尿病好几年大医院小医院去过好多钱花了不不但没治疗到现在一点儿缓解也治疗糖尿病秘方有哪些？,虽然有一些民间治疗糖尿病的药但效果不可真正的治疗效果是西药降血糖药。或者每天早上给你提供几杯小米“油”来治疗糖尿用50克左右的优质小米煮积淀后煮一撇去顶层的“油”早餐前半小时约剩的小米吃晚饭时糖尿病有很好的佐剂治疗。。每天早上喝一持继三个月是有效的。端茶治疗糖尿病的试验证端茶所含减低血糖的成可以治疗糖尿病。
内分泌科,糖尿病并发症糖尿病是什么？,我有糖尿然后平常的话也很留意饮食上这一块儿的习据说糖尿病除了并发症之类我很担心自己会不会再次出现那些症状。糖尿病并发糖尿病是什么？,糖尿病是一组以高血糖为特征的代谢性疾病。高血糖则是由于胰岛素排泄缺点或其生物作用受或两者兼具引来。糖尿病时长期存在的高血致使各种联特别是眼、肾、心脏、血管、神经的慢性危害、功能障碍。患者可以在接受正规治疗的同时，在生活中用以上方法作为辅助治疗，在日常生活饮食中一定要切忌过饥或过饱，一定不能暴饮暴食。
内分泌科,糖尿病还能不能治好？,我奶奶患糖尿病已经十几喝药吃药一直不见踪影我据说这个几乎就是不治之您好这个病如何能治好呢?,糖尿病是由隔代遗传和环境因素相互作用而引来的常见临床诊断以高血糖为主要标常见症状有多饮、多尿、多食以及消瘦等。依据目前的医疗水平来目前还没有能完全把糖尿病自愈的药用药可以控制血糖在正常范围防止出现糖尿病的并发症。在日常生活中要惯恰当的生活习惯和饮食习惯。
内分泌科,糖尿病患者背痛和脚发凉是为什么？,我是一位资深的糖尿病患虽说现在是夏已经开始我总感觉并且后背疼痛不脚发畏您好我这种情况是为什么？,糖尿病可引来身体多系统的危引来胰岛素绝对或相对排泄不足以及靶组织细胞对胰岛素敏感性减引来蛋白质、脂肪、水和电解质等一连串分解代谢紊乱综合征。你这种情况可能会是糖尿病周围神经病变关于。需要有检查一下下肢血管如何通畅。平时需要有用降糖药物和降压药物控制在目标值以需要有控制好血压血糖。
内分泌科,糖尿病患者平时该注意哪些事情？,我表哥的岳母最近觉着很讨厌喝水。水量增强了许多。关键是她也很饿。她每天吃这么多东以至于她体重减轻而不是长肉了。我表哥带她去医院仔细检查。医生说这是糖尿病的典型症状。平时我应当留意什么？,糖尿病患者平时应当留意饮饮食控制对减低血糖非常重而且他们一定不能够吃高热量的食如油条、油饼、炸薯片等。此红薯、土豆、粉丝等淀粉类食物应尽量少不要喝也不要吃含糖食物、香蕉、葡萄和红枣。这些水果不应当吃得太多。糖尿病患者应当每天锻练一个多小时。
内分泌科,糖尿病患者能吃什么？,大爷最近再次出现了糖尿所以他吃东西的时候都非常的小所以我想知道糖尿病患者能吃什么？,首对于糖尿病患应留意少吃多餐、低盐、低脂肪和低糖饮食。而且还应留意少吃或不吃能量含量高、淀粉含量高的食物。并且吃精制糖是不合适比如说红糖、白糖、蜂蜜和葡萄以及各种糖做的蛋糕、罐头、果酱和冰淇淋。你只好在低血糖或由于某种原因不能够吃的情况。吃低血糖指数的食物和蔬菜。
内分泌科,糖尿病是否会引起遗传？,我妈妈的糖尿病已经好多年是顽固性的糖尿我和我妹妹也有糖尿不知晓是不是隔代遗传的原我难过我儿子也患糖尿您好糖尿病会隔代遗传吗？,你好，根据你描述得情况来看：糖尿病不是遗传性疾但它有家族逆反心糖尿病是与遗传基因有直接的关但是并不是代表着糖尿病患者一定会把这样的疾病隔代遗传给下一只是糖尿病患者的下一代要比普通人患上糖尿病的几率要大许多。也可能会与生活习惯、饮食习惯等关于。
内分泌科,蔗糖脂肪酸酯糖尿病怎么治疗？,我朋友患糖尿病十多年现在血脂很血液不几年仔细检查甘油三酯在25年约曾用舒降也曾用益中药服食止必但没效没朋友知晓这方面的情到了安康。我们在此向你对此非常感谢谢。现在。,您根据您的叙述和推结合您的年龄、病史和仔细检查结糖尿病已诊断。如果血糖控制不会致使高血特别是当你讨厌辛辣油腻的食物不容易降到正常水平。一般情况甘油三酯的正常值低于2，3。建议您先服食降糖控制血然后服食阿托伐他汀钙、银杏叶滴丸实施调理，祝你早日恢复健康。
内分泌科,糖尿病患者能吃哪几种肉类？,糖尿病吃什么血糖13·2血压正胆固醇6·6糖化血红蛋白8·9您好糖尿病病人可以吃什么肉？,你好，鲑鱼可以增加心血管疾有效减低血脂和胆固醇。岛素敏感性和糖耐量。当对于糖尿病患者来他们吃的所有食物都将化为葡萄但是不同对象的糖增强系数是不同的。是可以吃瘦肉包括鱼鸡牛羊肉之类。只是需要有把量控制好。如果没糖尿病肾病的话大概每天2-3两瘦肉。
内分泌科,糖尿病身体虚弱吃什么调理？,我阿姨患糖尿病好多年最近她经常感觉头晕恶四肢乏我很忧您好糖尿病身体虚弱吃什么调养？,糖尿病可引来身体多系统的危引来胰岛素绝对或相对排泄不足以及靶组织细胞对胰岛素敏感性减引来蛋白质、脂肪、水和电解质等一连串分解代谢紊乱综合征。另外对糖尿病患者来米饭不能够完全水果不能够吃得太肥胖是糖尿病的敌糖尿病患者比一般人患心血管疾病的风险更因此控制脂肪的摄取非常重要。
内分泌科,孕妇需要做哪些糖尿病的检查呢？,我怀上有3个月这个时期仔细检查许可有必要做糖尿病仔细检查。我能吃能睡自己感觉很就是因为能吃了许多水医生建议我做糖尿病仔细检查。孕妇需要有做哪些糖尿病的仔细检查呢？,刚怀上的29岁的女性要留意筛查妊娠糖尿一般如果想仔细检查如何有妊娠糖尿病的可以就行以下项目的仔细检查1，血糖测得正常孕妇的血糖数值一般高于正常很少低于5，6mmol/L(100mg/dl空腹血糖常为3，3～4，4mmol/L(60～80mg/dl)。2，尿糖测得对所有查体孕妇均应作尿糖测如果早孕期阴性于中、晚期需重复测得。
内分泌科,糖尿病人为什么会胖？,为什么糖尿病患者会发胖？降生血糖没上升。已经15年了。人们说糖尿病患者会节食。为什么我这么胖？听说糖尿病患者节食。为什么我这么胖？,糖尿病患者在血糖控制不佳的情况确实会被卖出因为体内的糖分无法分解代所以会有糖分排出体内没充分利所以会再次出现瘦身的情况。如果用胰岛素救确实有些病人可能会体重超标。还建议您根据自己的情况决定合适的药物。建议在内分泌科进一步进行咨询和检验特定药物。
内分泌科,糖尿病人应该吃什么主食好？,我的朋友最近不太舒就去医院实施了常规的仔细检医生仔细检查出的他患上了糖尿所以想具体理解一下糖尿病人吃什么主食好？,多吃有利于减低血糖的蔬如芹菜、黄瓜、西红柿、白萝卜、绿豆芽、苦瓜、绿色蔬菜等。多吃细菌和藻类食如蘑菇、草菇、金针菇、海带、紫菜等。；吃水果要扣减额外的主如吃150克苹果要扣减25克猪肉，吃杂粮和土而不是主如燕麦、荞麦、薏米、土豆等少吃因为粥容易吸难以定而且饭后血糖往往会攀升。每日食用油不该低于25g。
内分泌科,糖尿病老人昏迷应该吃什么？,奶奶糖尿病十多吃的很不喝得许就是特别还再次出现了晕迷的情想问问糖尿病老人晕迷应当吃什么？,依晕迷护理常规颁测血压每小时1次2.糖尿病酮症酸中毒晕迷治疗。麻醉普通胰岛素。糖尿病患者的免疫力扭相比较一般人比较容易得易感性疾控制好血抗生素的运适当的用些激素减低水肿疼除了就是某些抗炎驱毒的中药。一般急性咽炎绝不会再次出现特别大的问当然最严重的并发症就是喉头水这是急有生命危险的。
内分泌科,糖尿病综合征什么症状？,我父亲患不舒服有一些事日最近我带他去医院仔细检然后检查出乐糖尿我想问几糖尿病综合征什么症状？,尿路综合征的特点是血糖含量增血液粘度增血液循环不微循环不周围神经营养保湿失致使手足麻疼痛、寒冷、视力下降、神经衰弱、梦境、头晕对尿路综合征的治疗有一定的建议。他在平时治疗降血糖药如格列吡嗪片、低盐、低脂、低糖饮增强体育锻增强体质。祝患者身体早日恢复健康！
内分泌科,人得糖尿病的原因有什么呢？,朋友最近老是感觉很怎么吃都吃不而且最近也没怎么活怎么会老是感觉吃不饱啊。于是他去医院检查医生说他患了1型糖尿病。您好年轻人怎么会得糖尿病？能讲解一下糖尿病的有关技术和治疗方法吗？患者饮食上需要有留意哪些？,你的亲属体重是明显不合格三天前检查发觉患糖尿病。表现为吃东西吃得喝水喝的这些都是糖尿病比较典型的症状。糖尿病的高危人群主要包括年龄大于45十八周同时体重指数大于等同于2有糖尿病家族同时有高血压心脑血管疾经常不愿意运肥胖。或者是用许多糖皮质激素类药物的人群。
内分泌科,消渴症是什么病怎么治？,最近几个我总是觉着不舒沉有时头没有食欲。我去了我们的中医医院检查。老医生说这是润肺药。他开了几片中药吃。在这里我想进行咨询一下什么是糖尿病。,糖尿病是中医的名称。多饮、多尿、多食、消瘦、疲劳、尿糖等综合评价症状。该病主要再次发生于肺、胃、其基本病机为阴虚体虚、燥热过度;长期渴求救不受控制的疾阴伤损和燃烧血瘀的缺致使气和阴伤阴阳不抵押品频道丧失营障碍的气和内脏器官和器官的伤致使疖、痈、晕胸部崩癫痫、失聪、肢体疼痛、坏疽、肾衰竭、水肿、肾功能衰竭。中风晕迷和其他并发症。现代医学实验室检查的主要特点是高血糖和尿糖。
内分泌科,消渴症是怎样引起的？,我好友很小很小的时候有一天全无征兆就变的爱喝还不爱吃依稀记得听妈妈说医生确诊为烦渴虽然我好友很爱喝瘦而且多但是我好友感觉自己应当不是糖尿病啊。依稀记得听妈妈说医生确诊为烦渴虽然我好友很爱喝瘦而且多但是我好友感觉自己应当不是糖尿病啊。烦渴症是什么引来的？,一般烦渴症一一对应西医来就是糖尿多是以高血糖和尿糖为主要特征的疾主要因为脏腑器官受损引与糖尿病最可怕的并发所以要好好控制糖尿以免再次出现并发症。有区别之所你的这种情况不是糖尿病最可怕的并发所以要好好控制糖尿以免再次出现并发症。建议你在喝药治疗的同多留意饮食调少吃含糖量高的食多留意锻炼身保持良好的心态。议您还是做个空腹血糖测餐后两个小时血糖测得看一看。
内分泌科,请问怎么治消渴症？,我好友姥爷今年63在2017年健康检查时查出来血糖过高患糖尿这一年经过长期的药物救虽然病情有所转但是血糖还是不太稳想吃什么东西了都得看一看食物的成糖分多的还不敢让他老人所以想换中药。烦渴症能治好吗？,烦渴病肾病必从烦渴病扩张而来。临床诊断以糖尿病最可怕的并发所以要好好控制糖尿以免再次出现并发症。症状加蛋白尿和（或）水肿为主要表现。烦渴之本系阴虚燥若迁延日治不能或失治误则阴津愈阴伤耗阴损及阳是其基本的病理机转和发展趋势。祝患者身体早日恢复健康！
内分泌科,糖尿病人脚麻能活多久？,我的个朋友除了糖尿病的毛病已经有好几年最近病情放感觉脚7有些麻所以想了解一下糖尿病人脚麻能活多久？,你这个情况基本可以确认是糖尿病致使的并发可能血糖控制的一直不是很所以建议先把血糖控制漂亮症状是不是有所转如果没转就需要有到医院实施检查跟治疗了。高血糖的情况是必须控制因为长期的高血糖不但危害人体各个脏还会致使患者的分解代谢异所以患者再次发生糖尿病肾糖尿病足糖尿病眼病等疾病的概率大大下降。平时多留意锻练。饮食方面多吃大叶的绿色蔬肉类食用许多白比如说鸡肉和鱼水果可以吃许多含果胶多比如说苹果、桃子、橙子等。
内分泌科,1型糖尿病可以预防吗？,我的个朋友患一型糖尿病的毛病已经有很多年最近的时候朋友怀上难过会隔代遗传给孩所以想了解一下一型糖尿病可以预防工作吗？,坚持长期而有规律的体育锻炼。采用的锻练形式应为有氧运如步行、骑自行车、健身操及家务劳动等。饮食上控制总热量：特别是淀粉类、肉类、脂肪类等含热量糖分较高的食品的综合评价控制。少量多餐。高纤维饮食：多吃许多芹菜、菠菜、西兰花。饮食清淡：“清”是指低脂少油饮“淡”是指不甜不咸饮食。
内分泌科,糖尿病胰腺炎会水肿吗？,同事的爸爸今年58岁最近去医院做检查出来有糖尿不知晓要怎样所以您好几糖尿病胰腺炎会水肿吗？,糖尿病通常绝不会引来急性胰腺炎。糖尿病是由胰岛素排泄不足或增加引来的机体糖、蛋白质和脂肪分解代谢异常。有内分泌分解代谢疾病。急性胰腺炎是由胰腺组织自身吸收引来的急性化学性炎由胰腺酶的激活引来。有消化系统疾病。近年随着生活条件越来越优人们的饮食也相对丰富。所以两者的发病率都比较高。
内分泌科,2型糖尿病常见的死亡原因有什么？,我的个朋友最近的时候总是感觉身体乏而且经常感觉但是身体还越来越瘦去了医院检查才知晓是得了二型糖尿想了解一下二型糖尿病最常见的濒死原因有哪些?,二型糖尿病本身并不是特别可早期症状也并不是非常的但是患者到了后期会构成许多并发二型糖尿病的患者有可能有各种传染酮症酸中甚至是高渗性酮甚至晕迷等除了部分患者会构成糖尿病乳酸酸中毒等症这些急症如果没及时到医院去了解救可能在非常短的时间内就会有濒死的症甚至还会的威胁到灵所以一定要尽早到医院去了解治疗。
内分泌科,什么是类固醇性糖尿病？,我爸今年48前段时间检查发觉类固醇含量比较医生说要小心类固醇性糖尿所以我想问一下什么是类固醇性糖尿病？,类固醇糖尿病是一种特殊类型的葡萄糖代谢紊乱综合症，其是由内源性肾上腺皮质激素的排泄增强或外源性运用糖皮质激素引来的继发性糖尿病。糖皮质激素有类固醇激基本上具备抑止自动免抗抗休克和抗毒，广泛应用于临床诊其同体现治疗作用也不可避免地引来许多不良反应，血糖异常是常见的情况之如果不及时处有利于原病发的压容易第二级神经元传严重，急性并发症甚至再次发生。
内分泌科,消渴症是什么病怎么治？,最近几个我总是觉着不舒沉有时头没有食欲。我去了我们的中医医院检查。老医生说这是润肺药。他开了几片中药吃。在这里我想进行咨询一下什么是糖尿病。,糖尿病是中医的名称。多饮、多尿、多食、消瘦、疲劳、尿糖等综合评价症状。该病主要再次发生于肺、胃、其基本病机为阴虚体虚、燥热过度;长期渴求救不受控制的疾阴伤损和燃烧血瘀的缺致使气和阴伤阴阳不抵押品频道丧失营障碍的气和内脏器官和器官的伤致使疖、痈、晕胸部崩癫痫、失聪、肢体疼痛、坏疽、肾衰竭、水肿、肾功能衰竭。中风晕迷和其他并发症。现代医学实验室检查的主要特点是高血糖和尿糖。
内分泌科,德谷胰岛素适合一型糖尿病患者吗,同事的爸爸今年52岁最近去医院做检查出来有糖尿医生让积极的救所以您好几德谷胰岛素擅长一型糖尿病患者么？,新发性糖尿病的适应症：成人2型糖尿病患者控制血糖；仅了解二甲双胍或磺酰脲的耐受剂量拆分二甲双胍或磺酰脲的血糖控制不佳患者。老年人用诺维胺：根据健康志愿者的药代动力学试验和患者（18-80岁）的人群药代动力学数据分析结年龄对利拉鲁肽的药代动力学没临床诊断有关干扰。因无须根据年龄重新调整剂量。75岁以上患者的治疗经验有限。
内分泌科,糖尿病综合征什么症状？,我父亲患不舒服有一些事日最近我带他去医院仔细检然后检查出乐糖尿我想问几糖尿病综合征什么症状？,尿路综合征的特点是血糖含量增血液粘度增血液循环不微循环不周围神经营养保湿失致使手足麻疼痛、寒冷、视力下降、神经衰弱、梦境、头晕对尿路综合征的治疗有一定的建议。他在平时治疗降血糖药如格列吡嗪片、低盐、低脂、低糖饮增强体育锻增强体质。祝患者身体早日恢复健康！
内分泌科,1糖尿病治疗方法有什么呢,我的个朋友最近总是感觉饭量特别但是身体却越来越瘦去了医院检查才知晓是得了一型糖尿想了解一下一型糖尿病的治疗方法有哪些。,对于糖尿病是没根治的方法但可以压只要守护好人体也能和正常人一样长期处在高血糖的人体很容易引发微血管的伤这是糖尿病并发症再次发生的前建议服食微络康洗胰清糖向来调整内部糖分解代谢循环往适用于血糖偏高人草本萃取没副作降血糖挺稳定胶囊中的玉竹成分可以守护微血预防工作早期并发减低糖尿病四肢水肿和尿频尿急症状。
内分泌科,我想了解糖尿病可以喝咖啡吗？,糖尿病患者能喝咖啡吗？一般血有时是低血一直坚持检验血糖、胰岛素的动咖啡糖尿病患者能喝对身体血糖有什么危害吗？我据说糖尿病患者可以喝苦咖但我不知晓他们如何可以。不加糖。,糖尿病患者正在服食药看他们如何可以喝苦味咖啡和高脂肪食物来消弱胰岛素的效胰岛素很容易致使2型糖尿病。咖啡中的咖啡因可以增强脂肪分解代预防工作2型糖尿病。非胰岛素依赖性糖尿病患者麻醉胰岛素后不需要终生麻醉胰岛素。但胰岛素依赖型糖尿病本身需要有胰岛素起作用。
内分泌科,我想了解糖尿病患者在什么情况下可以病退？,我外公患糖尿病十多年而且他年级比较他今年69岁这两年病情放我很担心我想问一下糖尿病患者在什么情况下可以病休？,糖尿病是一组以高血糖为特征的代谢性疾病。患者一定要留心平时的饮食方多吃许多平淡的食不吃含糖类较高的食品。糖尿病时长期存在的高血致使各种联特别是眼、肾、心脏、血管、神经的慢性危害、功能障碍。一般情况下假如是患者的情况比较严再加上目前也没什么好的治疗。
内分泌科,糖尿病肝硬化怎么办？,家里有个老亲戚，最近在我们市里住院。已经住了半个月了，病情也不见踪影转好，他的病情比较复杂。在考虑要不要给他转院，看是不是有更好的治疗方法。想问下糖尿病，肝硬化，脾脏肥大怎么办？,你好根据你叙述的情况，你的这位亲戚患的疾病是比较麻烦的。糖尿病本身并发症就比较多，现在又拆分肝硬化，脾肥大的话，基本上处在晚期了，这种情况只好对症治疗，慢慢转好，想治好的话是不大可能的。如果说想转院的话也是可以的，但是不要抱太大期望。建议不要太着急，遵医嘱治疗就可以了。
内分泌科,糖尿病下肢病变症状有什么？,我爷爷是一位糖尿病患也一直有留意饮食。但是他最近眼睛和脸都有些虚脚也有点您好糖尿病都有什么炎症症状？,糖尿病是由隔代遗传和环境因素共同作用而引来的常见病。临床诊断上以高血糖为主要指标。常见症状包括多饮、多尿、多食和体重减轻。糖尿病可引来多种不同系统性危致使胰岛素排泄的绝对或相对缺靶组织细胞对胰岛素的敏感性减引来蛋白质、脂肪、水、电解质等一连串分解代谢紊乱。
内分泌科,我想了解糖尿病会引起那些症状？,妈妈得了糖尿得了糖尿病应当怎么有什么地方需要有留会引来什么症状？,高血糖则是因为胰岛素排泄缺点或其生物作用受或两者兼具引来。这是血糖升高的疾由于葡萄糖利用障浮起轻易饭量喝水小便体重减轻的症建议复诊病院内分泌让大夫检查一下血糖水明确有否糖尿病后及时救平时一定留心饮食平不要吃太多甜食。目前暂无根治糖尿病的方但通过多种不同治疗手段可以控制好糖尿病。
内分泌科,血糖高和尿糖高就是糖尿病吗？,医生我的朋友说她可能会患上了糖尿病，她说最近身体不舒服到医院仔细检查，发现自己的血糖和尿糖都偏高，我很担心她，想必问问，血糖高和尿糖高就是糖尿病吗？,您好，血糖高和尿糖高是糖尿病的推测依据之一。对于这种情况，建议您的朋友到正规医院的内分泌科实施系统的仔细检查，诊断为糖尿病后，一定要通过药物实施控制性治疗，如果糖尿病不能获得系统的治疗，很有可能引来眼底，肾脏，心脑血管等一连串炎症。调节身心健康，保持自身卫生.避免因抵抗力下降而导致细菌入侵。
内分泌科,糖尿病患者能不能做胆结石手术？,问一下糖尿病患者能不能做胆结石手术？因为现在年龄比较大了，糖尿病比较严重，现在又得了胆结石，想问一下可以手术吗？如果不手术的话，会有什么样的风险？可以采用中医疗法吗？,如果有胆囊结石，但是必须做手术的话，这种情况还是可以做手术的，没有必要太担心的，因为糖尿病的病人的伤口愈合可能会相对要慢一点儿，而且有可能会再次出现一些彻底恢复比较慢的情况，所以如果症状不是很严重的话，可以保守治疗的话，可以先保守治疗。调节身心健康，保持自身卫生.避免因抵抗力下降而导致细菌入侵。
内分泌科,糖尿病患者能不能吃西瓜？,我的妈妈是一位糖尿病患者，据说糖尿病是要很讲究饮食的话，不然的话会越来越严重的，所以医生您可以告诉我，糖尿病患者能不能吃西瓜？谢谢医生你的解释。,首先来说糖尿病患者一般来说表现出为多饮多食多尿，并且还伴身体消瘦。病发来说的话，主要是和隔代遗传因素以及个人的体质以及饮食生活习惯有一定的关系，对于糖尿病患者而言，平时在饮食上一定要严格的实施控制西瓜这种水果尽量不要吃，因为含糖量很高。调节身心健康，保持自身卫生.避免因抵抗力下降而导致细菌入侵。
内分泌科,糖尿病容易出现肾脏并发症吗？,我的朋友是个老她现在是有糖尿病可是她现在是有并发症不知晓这些并发症是有什么症状的您好糖尿病容易再次出现肾脏并发症吗？,增强并发如中风、心脏病、肾病和眼病。血压控制目标应在140/80mmHg或更低。检查血糖水平可以帮助防止糖尿病并发如神经疼或以防并发症继续恶化。检查血糖还可以帮助你了解食物和活动如何干扰以及你的治疗计划如何有效。医生可以帮你定位个目标血糖范围。你离目标越你的身体就会感觉越好。
内分泌科,糖尿病能引起脑梗塞吗？,我朋友的亲戚，据说他患糖尿病，而且血糖控制得并不是很好，比较近他再次出现了脑梗塞的症状，您好糖尿病会引来脑梗塞吗？而且糖尿病引来脑梗塞会严重吗？患者应当怎么办好呢？,糖尿病的病人是很可能引来脑梗死的，因为糖尿病的病人是很容易再次出现脑动脉硬化的情况，而致使脑血管狭窄和交通不便致使脑梗死的再次出现。一般这种情况要积极的运用药物治疗，控制血糖，要规范的根据自己的疾病情况灵活运用预防脑动脉硬化的各种药物实施调养。
内分泌科,糖尿病的血糖标准是多少呢？,我爸有糖尿病好几年了，多饮多食多尿，对生活引发了很大影响，饮食一不小心，血糖就上去了。他经常要去医院测血糖，很不方便。我给他买了个家用血糖仪。糖尿病的血糖标准是多少呢？,正常人的血糖水平是3.9到6.1毫摩尔每升，如果你父亲有糖尿病的话，那么这个标准是可以适当的个子一点儿的，所以经过他的饮食活动和药物的治疗，把血糖控制在7.8以下，应当就比较恰当了，当然再低一点儿是会更好的。平时一定要严格的按照饮食禁忌来控制摄入量，而且互相配合适当的活动效果会更好的。
内分泌科,2型糖尿病的早期症状有哪些?,前几天我妈说她最近近吃的特别多，但是体重却没攀升，还上升了。时不时还感觉尿有点黄黄的，而且特别得频繁。我质疑他是得了2型糖尿病。2型糖尿病的早期症状有哪些?,你好，根据你描述的情况看来二型糖尿病一般会有多饮、多食、多尿、易饿、消瘦等症状，她现在吃的多，体重上升，小便次数从，有可能是有糖尿病了，现在仔细检查是不是糖尿病也比较简单的，上医院抽血检查一下血糖就可以知道了，需要有仔细检查空腹血糖、餐后一小时以及两小时的血糖。
内分泌科,糖尿病能不打胰岛素吗？,我换了糖尿病已经10年了，一直在打胰岛素，很苦恼，现在自己很讲究饮食，活动，平常的时候血糖控制的也很好，想问下糖尿病能不打胰岛素吗？用其他的控制可以么,一型糖尿病必须打胰岛素，二型糖尿病患者如果拆分有并发症、严重传染、手术前后等必须打胰岛素。如果你没上述的情况就可以口服降糖药，现在降糖药种类一些，磺脲类降糖药如格列齐特缓释片，双胍类降糖药如二甲双胍，阿发糖苷酶抑制剂的阿卡波糖，这几类药是最常用的，你需要有在医生指导下使用哦。
内分泌科,糖尿病这病能够怎么治疗？,医生，我今年45岁，我是有糖尿病的，我想理解一下，糖尿病要怎么治疗才合适？我之前也有在吃一些药，可是也就是一直稳下糖尿值，想试试看用别的方法。谢谢！,糖尿病主要是通过口服降糖药物或者肌注胰岛素来进行降血糖的。如果在常规不定期的口服降糖药物，建议先去医院查一下糖化血红蛋白，看一下近三个月内血糖控制的情况，然后每天进行血糖的监测数据。如果都全部达标的话就专心服药就是了，互相配合着糖尿病的饮食，多进行一些户外的体育运动。
内分泌科,糖尿病引起的肾病好治吗？,前些年患上了糖尿病，糖尿病还没治好，最近有感觉到腰酸背痛，尤其时腰部特别痛，感觉乏力，去医院说糖尿病引来了肾病了，我也不知晓能不能够治好肾病。您好，糖尿病引来的肾病好治吗？,这个治疗还是有一定的难度的，需要有积极使用降血糖药物治疗，或者是使用胰岛素进行治疗，如果再次出现了腰背酸痛，并且再次出现了肾病肾炎的情况，急性期的话可以使用消炎药物治疗，并且需要有使用保护肾脏的药物治疗的，平时尽量减少药物的摄取，并且尽量避免再次出现反复感冒的情况。
内分泌科,糖尿病得病因是什么呢？,奶奶身材不是很胖，但却偏偏患上了糖尿病，也口服了一些的药物进行治疗，大大小小的医院也去过不少，就是没治好，想知道糖尿病的病因是什么呢？糖尿病病因是什么？,糖尿病的情况，有可能是由于年龄过大，胰岛经济衰退引来功能上升的情况，也有可能是长期的大量过量的饮食糖分以及淀粉类的食物，长期的刺激胰岛，并且推广胰岛的功能，再次出现了胰岛功能衰弱的现象，胰岛素排泄不足的情况，因此再次出现病发的现象。治疗糖尿病如缺少胰岛素，可以运用胰岛素补充治疗，也可以采用控制饮食，增强活动，并且运用其他的降糖药物治疗。
内分泌科,糖尿病控制好了就代表糖尿病稳定了？,医生，我有个老师每次补课前都会吃一颗糖，然后再给我们补课，最近听老师说去医院仔细检查的结果说血糖指数在正常范围内，想问问医生糖尿病控制好了就代表糖尿病稳定了？,糖尿病的病人并不是说血糖正常了就病情获得稳定了，血糖只好代表近几天的血糖波动。如果一旦停药，血糖还是会个子或者引来其他的一些并发症，糖尿病的治疗需要有长期规范的用药物来治疗，并且要控制饮食，加强锻炼，增进体内分解代谢。规范的治疗糖尿病能降低人的生活质量。
内分泌科,糖尿病吃中药有问题吗？,我的外公患严重的糖尿病，但是他还很认为中药的效果，然后一生病她就吃中药，但是我觉着不太合适，就想在这里小小的进行咨询一下，糖尿病吃中药有问题吗？会不会引起别的什么症状呢？,一般有血糖高的情况还是可以考虑中医调养的，这个效果应该是比较好的，所以用不着担心，但是在用药调养的同时还是需要有严格的控制饮食等，尽量不要吃太多的甜食等，然后注意多互相配合散步运动等，建议不要有心理上的压力和加班的情况，预防工作血糖震荡的可能会。
内分泌科,怀孕做糖尿病筛查多少钱呢？,怀孕之后为了仔细检查孩子如何健康需要有做一些仔细检查，怀孕做糖尿病筛查多少钱呢？,您好，唐氏塞查是指提取孕妇的血液，检验母体血清中甲型胎儿蛋白和绒毛促性腺激素的浓度，看一看胎儿是否畸形，由于各地区和各医院级别的差异，收费标准也都不一样，一般唐氏筛查大概需要有200元左右，仅供参考，详细情况建议您进行咨询当地医院。目前您这种情况建议还是需要有平时饮食要均衡，平时禁止熬夜，禁止吃辛辣刺激食物。
内分泌科,糖尿病能救治吗？,母亲糖尿病，我们都不让他糖，也不让他吃甜食，但是有时候他还是偷偷地吃一些有糖分的水果，有时候也是吃一些，怎么说，他也不听，我想问糖尿病能治好吗？,糖尿病一般的不能治好。保持住血糖。没糖尿病的并发症，即便是治好了。在用降糖药物的同时，平时要注意糖尿病饮食，少吃甜食，多吃高蛋白食物，新鲜蔬菜，补充维生素，平时要加强锻炼，降低身体免疫力。不定期测定血糖。规律用降糖药物。不要生气，也不要熬夜，每天有个好的心情，还是应当多吃一些粗粮。
内分泌科,早期糖尿病能用胰岛素吗？,上个月被仔细检查出，我就有糖尿病的病症，血糖值有点高。我理解过如果是有糖尿病的话，打胰岛素会缓解病情，那么如果我是早期的糖尿病，能不能胰岛素呢？,早期糖尿病是可以胰岛素的。胰岛素是治疗糖尿病的一方药物，可以有效的控制血糖，适合糖尿病病人长期。建议尽早到医院内分泌科复诊，医生会根据你的症状，改进许多相关检查，比如说：血糖监测数据、糖化血红蛋白、胰岛素施放试验等，以明确确诊，从而决定合适的方法和药物来治疗，一定要在医生的指导下规范化口服药物治疗。
内分泌科,是不是糖尿病怎么办？,我随着我的年龄一直减小，我的身体也遭到了很大的影响，经常生病，不是感冒发烧就是各种的病，我最近发觉我上厕所小便的时候，是黄色的液体。还费劲。是不是糖尿病怎么办呢？,根据你目前叙述的情况，目前主要是感觉想上厕所有感觉小便黄色液体，这种情况再次出现，目前不太考虑是糖尿病的可能性，但是根据你目前叙述的情况有考虑是前列腺问题的可能性比较大，建议改进，腹部除了泌尿系磁共振仔细检查。这种情况，黄色液体或者黄色小片不一定是糖尿病致使的。
内分泌科,糖尿病并发症眼病该怎么治疗？,我有炎症，而且我很早之前就是个糖尿病患者，到现在都还没有治好的，最近我发觉我的眼睛又再次出现问题了，像我这么体弱多病。您好糖尿病并发症眼病该如何治疗？,糖尿病眼病的根本原因就是血糖太高，没控制好，如果眼病不太重，控制血糖就可以了。如果眼底有出血可能会需要有做眼底造影仔细检查，或者做激光治疗，严重的可能会需要有手术治疗，这需要有根据您眼病的具体情况，由医生选择。建议您到眼科改进眼底照相等相关检查。
内分泌科,患有糖尿病及肾病该怎么办？,伯伯他在最近这一年的时候就一直身体都不太好，有的时候整个人吃晚饭没什么胃口，而且腰也会疼痛，头晕的也特别的厉害，昨天去医院做仔细检查，就说他患糖尿病和肾病。所以有糖尿病及肾病该怎么办？,如果患糖尿病肾病这种情况是比较严重的，必须要遵医嘱来采取相应的治疗措施，绝大多数情况下患糖尿病和肾病，一定要注意可有肾功能不全，可有水肿，根据具体的病情采取相应的治疗措施，要预防工作再次发生肾衰，一旦再次发生了肾衰需要有实施透析治疗，同时胰岛素控制血糖。
内分泌科,糖尿病脚部第四趾根部三度烧伤应该怎么办？,我公公今年已经64岁了，他是个糖尿病患者，然后就在昨天早上不小心致使脚部第五趾根部三度烫伤，我们非常心疼他，所以想要知晓，糖尿病脚部第五趾根部三度烫伤应当怎么治疗才好呢？,老年男性，患糖尿病，现在脚趾三度烫伤，这样情况容易引来糖尿病病足可能性，建议患者积极控制血糖，最好运用胰岛素控制，努力争取血糖控制在7.0以下，局部涂抹抗生素，预防炎症感染，运用营养神经药物，运用扩血管药物，稳定局部血液循环，增进伤口愈合。需要有糖尿病饮食，低盐低脂饮食。
内分泌科,糖尿病冠心病患者严重便秘怎么办？,医生我家的老人是患糖尿病和冠心病的，病情一直都是靠药物来保持着的。但是现在老人再次出现了严重的便秘，您好医生这可怎么办呀？患疾病在身的人可以吃通便茶的吗？老人该怎么办呢？,糖尿病患者平时要注意恰当的饮食，不可以摄取糖分，多吃许多新鲜的蔬菜，能缓解便秘的症状。冠心病可能会是由于高血糖引来的，平时要注意休息，不难操劳，不可以受太大的刺激，以免致使晕厥，心跳加速，呼吸困难等。再次出现便秘是可以适当通便茶实施润肠，但是不可以过多口服。
内分泌科,抗糖丸糖尿病人能吃吗,最近一段时间有一款抗糖丸已经开始盛行，我也想买一点儿来试试看，看一看可有效果，但是我现在还有点血糖高，糖尿病，我想问一下，抗糖丸糖尿病人能吃吗？吃了以后会不会有什么不良反应呢？,对于糖尿病人不适合口服这个药物，如果是血糖高，考虑是有糖尿病，可能会与胰岛素反抗或者胰岛素排泄增加有关系，会引来血糖升高，长期不治疗的话，有可能会引来多种不同并发症的，有利于身体的健康，所以平时需要有注意的，需要有尽快口服降糖药物治疗，建议增强体育锻炼，控制饮食。
内分泌科,糖尿病引起的一只眼睛很模糊怎么办？,爷爷一向有糖尿病但是没什么不好的并发症。后来真的不高兴了，他竟然觉着自己的一只眼睛特别的模糊，而且有时候看不清东西，我很担心爷爷，想必问问糖尿病引来的一只眼睛很模糊，应当怎么治疗。,糖尿病的话一定要积极的控制血糖，因为糖尿病的话有许多并发症的，眼底静脉出血或者是失聪的话也是糖尿病的并发症，所以我们这种情况下很有可能是再次出现了这些情况，我们可以去当地的眼科医院实施仔细检查，这样的话可以明确确诊，也要积极控制血糖。以上可以做为参考。
内分泌科,糖尿病引发痛风是怎么回事？,我是个患糖尿病的病人，我患病已经有好几年了，但是我的病情一直控制得很好，可是近来我又仔细检查出患痛风的症状，所以我想问一下，引起痛风是怎么回事？,糖尿病跟痛风是不同类型的疾病，你目前血糖控制正常，需要有专心始终保持，但是体内的尿酸浓度高，可以引起尿酸结晶，沉积在关节内，致使关节疼痛，引起痛风复发，建议复诊医院风湿免疫科，让医师化验血尿酸，指导你减低尿酸的药物，平时不喝啤酒，不要吃海鲜，肉食及豆制品。
内分泌科,糖尿病有别的病可以做手术吗？,我现在不光有糖尿病，我除了别的病，那个病医生让我做手术，但是我有糖尿病就不知晓可不可以做手术，想要问一下糖尿病有别的病可以做手术吗？我觉着应当不影响吧，做手术和我有糖尿病又有什么关系呢。,糖尿病患者可以理解手术，但手术前血糖水平必须控制在相对正常的水平或到达正常水平。如果血糖水平高，会影响伤口愈合和手术效果。平时必须注意低糖、低盐和低脂肪的饮食，多吃新鲜蔬菜，不能够吸烟和喝啤酒，每天适当锻练，控制体重，始终保持情绪稳定。以上可以做为参考。
内分泌科,糖尿病烫伤后如何护理,我最近的身体很不舒服，我在烧水的时候被水烧伤了。烧伤的面积很大，可是我除了别的毛病。不可以乱用药和乱吃东西。这个毛病已经还伴我很多年了，我想您好一下医生。糖尿病烧伤后如何护理,糖尿病烧伤以后首先要按时口服控制血糖的药物，使自身的血糖平稳，避免出现许多其他的现象，烧伤以后及时将烧伤部位实施溶解降温，大概用冷水擦洗20分钟左右，也能起些缓解疼痛的作用，因为你身体有其它疾病，建议溶解以后及时到烧伤科复诊，在医生的指导下，和治疗糖尿病药物没争执的烧伤药来治疗。
内分泌科,糖尿病饮食注意事项是什么？,我伯母今年58岁了，平时就特别喜欢吃糖，上个月因为身体不舒服，去医院仔细检查，结果被查出来患糖尿病，因为伯母家的孩子都在外地，所以我想去照料她，糖尿病饮食注意事项是什么？,上个月仔细检查出的有糖尿病，平时就不能够象以前那样吃糖了。糖尿病要注意每天按时用药，注意定期检查血糖情况，平时饮食上要注意宜粗不宜精，多吃粗粮，少吃精粮，平时每顿饭不要吃的过饱，可以少吃多餐，含糖量高的东西要少吃，每天要适当活动。以上可以做为参考。
内分泌科,糖尿病还有高血压，应该注意哪些饮食习惯？,奶奶年纪比较大了，今年我买了个血压计回来，量了她的血压偏高，后来带她去医院仔细检查，果然是高血压，而且除了糖尿病，我们全家人都很担心，像现在这种情况她应当注意哪些饮食习惯？,患者目前主要是拥有糖尿病伴发高血压，这种情况再次出现饮食注意事项，主要是不要吃特别咸的东西，不要吃特别甜的东西，也不要吃特别油的东西，平时多吃点粗粮，多吃点水果蔬菜，平时建议饮食热量要多控制，建议在饮食多注意的情况下多运动多活动，建议有氧运动为基础，祝你健康。
内分泌科,一般口服液对糖尿病有治疗作用吗？,爸爸被查出来患糖尿病，但是算不上太严重，只要好好保持就行，所以在家买了好些治疗糖尿病的药，每天都要吃点，我看其中有一样是口服液对糖尿病有治疗作用吗？,铁皮枫斗口服液对糖尿病的治疗一般起些缓解的作用，糖尿病一般都是分解代谢类的疾病，平时的饮食应当严格的控制，尽量少吃，除了淀粉以及糖类太高的食物，尽量多吃许多蔬菜和水果消化身体的维生素，有利于病情的治疗，平时可以适当的做许多活动，要多喝水，增进新陈代谢。
内分泌科,现在真的有手术治疗糖尿病吗？,我母亲很早就查出来了二型糖尿病，现在一直在喝药控制。但是现在他的身体情况很不好，今天我偶然间听朋友说，现在有手术可以治疗糖尿病，而且治愈率很高，现在真的有手术治疗糖尿病吗？,根据您目前叙述的情况，您说目前主要是拥有二型糖尿病，目前没证据鼓励手术可以治疗糖尿病的，除非是拥有明显的胰岛素或者到再次出现炎症的情况下考虑才可以的，根据您目前叙述的情况，建议还是需要有正规治疗比较好。平时建议注意休息，祝您健康。以上可以做为参考。
内分泌科,糖尿病高血压缺钾应该吃什么食物？,大伯今年年纪大了。患糖尿病十多年了。而且除了高血压。一直是靠着每天喝药来保持自身的健康。最近在医院健康检查，医生说大伯缺钾。我想问一下，老人有糖尿病高血压缺钾应当吃什么食物？,如果是老年人有高血压，糖尿病，而且还伴发低血钾的话，这种情况下首先要看一下是什么原因引来来的缺钾，有的时候高血压患者口服许多利尿剂的时候会再次出现低血钾的表现出，如果是由于口服利尿剂引来来的，可以适当的把加药物有所重新调整，平时的话饮食上多吃许多新鲜的水果蔬菜，含糖量多的水果要少吃许多清淡饮食，防止吃许多高油脂的食物。
内分泌科,怎么防治糖尿病？,我哥哥前不久发现自己患糖尿病，最近一次看见他发觉他整个人都瘦了不少，看上去很不好，毕竟他以前很瘦，得了病之后只剩皮包骨了，我有点担心自己将来也得这个病，想知道怎么做可以预防工作糖尿病？,您好，您的哥哥前不久被确诊为患糖尿病，您担心将来您也会有这个病，考虑您的情况是拥有有糖尿病的隔代遗传史的这种情况下比别人事比较高的几率会得糖尿病，所以建议应当在平时日常生活过程中多加注意，应当防止排便所含糖量过高的食物以及碳酸饮料。可以不定期的监测数据血糖情况
内分泌科,糖尿病怎样稳定餐后血糖？,我叔叔有糖尿病，我们发觉他在吃晚饭之后血糖就会很不稳定，会变得比较高，我们担心这个情况继续下去会变得很不好，想进行咨询一下，糖尿病要如何稳定餐后血糖？,糖尿病患者要想稳定餐后血糖，应从生活饮食干起，饮食上不要口服过多甜食，控制主食摄取，注意少食多餐，恰当饮食等，都有助于血糖的控制。血糖控制并不基于一时，而是要从生活细节小事干起，如果日常血糖平稳，认为您叔叔餐后测血糖也会平稳。以上可以做为参考。
内分泌科,二型糖尿病能救治吗？,我舅妈她最近在单位上面健康检查的时候仔细检查出的得了二型糖尿病，她之前都没这方面的病，现在我想问一下，二型糖尿病是什么意思呢？这个二型糖尿病能治好吗？治疗方法是什么呢？,二型糖尿病是糖尿病的一种，临床诊断上可以由于多种不同原因引来的，常常与肥胖、隔代遗传、饮食习惯等原因有关系，不太容易缓解的，一般需要有在面诊医生指导下决定合适的降糖药治疗，初期的话，口服药就可以控制；还要防止含糖量高的食物，恰当控制食量，适当锻练运动，控制体重。
内分泌科,糖尿病患者如何控制血糖？,医生您好，我叔叔患糖尿病，是几天前发觉的，我在医生那里了解到有糖尿病需要有控制血糖，可是他没告诉我怎么控制，我就想问问您，糖尿病患者应当怎么控制血糖？,糖尿病是常见的慢性病，病发与隔代遗传因素，饮食习惯以及外界环境都有关系。如果诊断为糖尿病，血糖值不是很高，可以先通过改善生活方式以及增强活动办法，使血糖降至正常。但是如果上述办法效果不好，那么就需要有在控制饮食和加强锻炼的基础上加用降糖药物。
内分泌科,得了糖尿病10年怎样才能痊愈？,我已经得了糖尿病10年，昨天下午5点为什么突然觉着有许多尿都拉不出。我明明很急尿，但是去了厕所很许多次都是拉不出。是不是糖尿病影响到我的肾功能再次出现了问题？我该怎么办呢？,糖尿病病史10年不可能获得治愈，所以你不要着急，糖尿病患者如果早期发觉早期治疗预后一般都是非常好的，基本不影响患者的生活质量，也不影响他们的生命。糖尿病患者科学有效的治疗办法就是严格控制饮食，最好采用集中至每日三餐，每餐主食不要低于100克，另外适当的活动，第3点是运用降糖药物。
内分泌科,患有糖尿病及肾病该怎么办？,伯伯他在最近这一年的时候就一直身体都不太好，有的时候整个人吃晚饭没什么胃口，而且腰也会疼痛，头晕的也特别的厉害，昨天去医院做仔细检查，就说他患糖尿病和肾病。所以有糖尿病及肾病该怎么办？,如果患糖尿病肾病这种情况是比较严重的，必须要遵医嘱来采取相应的治疗措施，绝大多数情况下患糖尿病和肾病，一定要注意可有肾功能不全，可有水肿，根据具体的病情采取相应的治疗措施，要预防工作再次发生肾衰，一旦再次发生了肾衰需要有实施透析治疗，同时胰岛素控制血糖。
内分泌科,我的症状是否能确诊为糖尿病？,最近我总是吃的多喝的多拉点，特别多，而且我的体重上升的特别快，我不想这样了，我想去医院仔细检查了一下，大家我如何能诊断为糖尿病？如果是的话我就没有必要去医院了。谢了,糖尿病典型的症状有多饮、多食，多尿、体重上升等三多一少的症状，如果再次出现上述症状的话，是建议你及时到医院仔细检查血糖数值，如果仔细检查随机血糖低于11.1的话，就建议你进一步仔细检查糖化血红蛋白以及糖耐量实验了，如果仔细检查提示拥有糖尿病，那就需要有长期口服降糖药物或者胰岛素治疗。
内分泌科,口渴时嘴里发苦是什么原因？,口渴时嘴里发苦,你的情况考虑是属于肝胆湿热引起的建议口服乙肝清热解毒胶囊治疗，治疗期间多喝水，多休息，忌酸辣油腻食物。 
神经科,想知道癫痫长期用药的危害有什么？,查出来癫痫十几年一直在喝药压但是药三分长期喝药一定是不好癫痫长期用药的危害有什么？,根据你叙述的情有癫目前没正式救感觉症状越来越严重。在这种情况建议在医生的指导下治疗癫痫症状。根据你叙述的情长期用药可能会致使过敏反也可能会致使粒细胞减少或智力性痤疮。功能障碍、厌食等。癫痫药物的副作用是众所周知的问题。长期使用卡马西平等抗癫痫药必然会致使记忆失去、反映迟缓和肝肾功能危害。
神经科,经常发作癫痫病能不能减轻？,医生你好。我从小就患癫痫病，现在没断时间都会复发，而且复发的时候就会昏倒。听他们说还会再次出现休脚抽经，口吐白沫的现象，您好医生，我的这种大发作癫痫病能不能治好或是减低？,根据你说的自己的状况来看，应该是由于你现在吃的抗癫痫的药物不合适，或者是由于药量小，所以癫痫症状没控制住，所以建议你最好去你们当地正规的大医院或者信誉度高的专科医院，做一下全面的仔细检查，然后换新其他的药物，而且要适当的增强点药量，等症状明显好转以后，可以逐渐的增加用药量而且平时一定要重新调整好自己的心态，禁止生气，就会有效的预防出现病发。
神经科,癫痫病的问题怎么办呢？,想问一下癫痫病的问题，怎么治疗呢？我这个精神病大概有三年了，当时是由于孩子撒手人寰之后遭到刺激得了癫痫病复发的时候四肢抽搐，口吐白沫，吃了一些药，看了一些医院都不见踪影好，进行咨询一下,您好，癫痫脑神经元异常放电引起来的疾病，病人会突然再次出现个意识丧失，口吐白沫，口眼歪斜，这样的症状大概会持继几分钟到几秒钟的时间会自行的停止下来。建议带孩子到正规的医院神经内科理解正规的治疗，因为癫痫慢性疾病治疗下来周期可能会比较长一些。
神经科,怎么样才能救治癫痫病？,我妹妹患癫痫，复发的时候神志不清，口吐白沫，看着都令人难过，妹妹也是因为患癫痫，男朋友都扬手而去，我看着也很糟心，我想进行咨询一下医生，怎么样方才能治好癫痫病？,癫痫疾病大脑神经元异常放电引起的，目前没特别好的药物进行治疗。治疗方法也不是太多。都是以控制临床诊断症状，增加复发次数为基础。部分癫痫的类型可以通过手术治疗。患癫痫疾病平时要禁止精神刺激，饮食方面不要吃辛辣刺激性食物。可以根据类型口服药物控制复发。
神经科,小孩子得了癫痫该怎么正确处理？,孩子前几天再次出现了手脚抽搐的症状，而且还有些口吐白沫，把孩子带到医院仔细检查之后诊断是得了癫痫，心里面真的是有些难以理解，也真是觉着快塌下来了，想进行咨询一下小孩子得了癫痫怎么办啊？,根据你的叙述，癫痫主要是由于大脑的异常脉冲致使的。治疗主要是使用抗癫痫的药物控制癫痫的复发，平时需要有注意防止感冒受寒及刺激而引致癫痫的复发，癫痫具备一定的隔代遗传逆反心理，需要有注意不定期实施复检，及时重新调整药物，防止自行停药或加量。要带孩子去正规的医院实施治疗，尽量不要让他接触引来癫痫病的诱因。
神经科,癫痫病该如何去确诊？,奶奶比较近病了，还是严重的癫痫，他会突然性质的跌倒，我真的担心死了，我不想要他随便病了，我来问问癫痫病该怎么诊断？这个问题的答案对于我来说真的重要，我想要让他健康下来。,癫痫病的诊断，需要有根据病人平时的症状，互相配合仔细检查结果，有专业的医生实施诊断。你奶奶目前的情况，建议带老人去医院实施有关的仔细检查，以便诊断老人如何有癫痫病。如果老人有癫痫病，建议通过口服药物给老人实施控制性的治疗，治疗期间预防病人的情绪过度的震荡。
神经科,癫痫是什么情况啊？,大夫，我舍友平时一直非常健康，很热爱活动，每天都去跑步健身房什么的。但是比较近总是没征兆的就抽动，带到医院说是得了癫痫，我怎么也没想到平时身体这么健康的他会得癫痫，所以我想知道癫痫是怎么回事？,根据你叙述的这种情况，首先该患者癫痫发作是由于大脑神经元的异常脉冲致使的，这种情况一般常见于颅脑的外伤，或者是颅内呛水以及颅内肿瘤占位等，都可以致使这种癫痫发作，所以如果患者再次出现了这种情况的话，对症给与镇静的药物，中止癫痫发作以及长期的口服控制癫痫的药物。
神经科,癫痫发病的原因都是什么？,大夫我想进行咨询一下癫痫病发的原因是什么？我有癫痫病，大概两年多了，一直扶着药物来控制病发，比较近个星期频繁病发，总是口吐白沫失去意识，所以想问一下大夫，我这个情况应当怎么办？,您好，癫痫病发一般考虑与患者曾经受脑外伤、脑血管疾病或脑炎等原因有关系。如果癫痫比较近频繁的复发，建议到医院实施药物的重新调整，如果通过药物控制不好，部分患者可以考虑手术治疗。约有50%的药物，难治性癫痫患者，可通过手术使复发获得控制或者是救治。
神经科,癫痫的发病原因都有哪些？,医生我爸爸这几天经常说疯话，而且今天还倒在地上一直抽动，我很担心他可能会是得了癫痫病。您好医生癫痫的病发原因是什么啊？会不会和平常日常生活有关系呢？,癫痫的原因有一些的，包括原发性的或者是继发性的，所以这个原因一定要寻到的，另一方面就是建议去做个头颅ct仔细检查，除了就是必要的时候做个头颅磁共振或者是电影这方面的检验，看一看是原发性还是继发性的。除了就是和平时从精神方面的刺激有关系的，所以就是不要有这种。
神经科,癫痫病的常见症状包括哪些,我发觉我老婆今天复发了一次癫痫病，但是我不确定，您好，癫痫病都有哪些症状？,你感觉自己的妻子最近复发了一次癫痫病。一般癫痫病的主要症状就是病发突然。患者突然晕倒在地，四肢抽搐，口吐白沫，翻白眼等症状。这种疾病一般主要是神经元异常放电，引来脑神经功能紊乱再次出现的一连串症状。所以需要有及时的到二甲医院复诊神经内科的医生，做一下具体的仔细检查，诊断一下拥有哪种类型的癫痫病，好及时的对症药物治疗。
神经科,癫痫病治疗的地方大概在哪里？,我家里老人得了这个病好几年了，我们家是东北的，平时在农村村里人很畏惧，一直躲着走，想把老人送出去治疗一下，可是后来又据说效果不好，我们这离着挺近的，您好癫痫病治疗基地在哪里？,您好，目前治疗癫痫病的医院有一些，主要是一些三甲正规的神经内科都可以治疗这种病，对于癫痫一定要经过积极正规治疗控制症状，预防病发。目前癫痫有癫痫小孩做癫痫大发作癫痫持续状态，如果癫痫一旦复发，应当马上去医院积极的治疗。平时一定要规律口服药物。
神经科,癫痫病的治疗药物有哪些，疗效如何,癫痫病的治疗药物有哪些？我一的朋友患癫痫病，想帮她理解一下。,癫痫病的治疗，的药物是比较多的，但是你自己不要盲目的去使用一些药物，最好还是要在当地正规医院实施了相关检查之后，在医生的指导下使用有关的药物来长期的口服，而且癫痫病患者一定要注意，不要过度的辛苦和操劳，要注意控制自己的情绪，惯良好的生活习惯。
神经科,癫痫病患者日常该注意些什么,我知晓我叔叔他是有点心病的，然后如果他犯病的话就会再次出现许多抽动的状态，除了就是受了刺激之后他也会犯病，但是别的方面我就不太理解了。想问下癫痫病人在日常生活中应当留意什么？,您好，癫痫病患者在日常生活中首先要留意，需要有长期在医生指导下口服抗癫痫药物，控制病情，平时要始终保持情绪稳定，不能够遭到精神刺激，不能够看恐怖影片，会致使情绪震荡过大，不能够过度操劳，要多休息，防止熬夜，饮食不能够吃油腻辛辣刺激性的食物。
神经科,癫痫早期表现有哪些？,您好我家住农村，我们家亲戚的小妹妹她今年7岁了，得了癫痫，我们就想理解一下癫痫的早期症状有哪些？,对于癫痫患者，在病发的早期可能会表现出为一过性的意识丧失，如再次出现突然跌倒，摔破碗等，也可能会表现出为四肢僵硬，在短时间内彻底恢复，通过脑电图可诊断。其次，该病需要有通过抗癫痫药物治疗，一般需要有两年左右的用药，患者也要防止受寒，防止遭到刺激，以免引致癫痫。
神经科,癫痫到底要怎么治疗？,从小就有癫痫了，具体什么原因引起的，爸妈也没说，现在到结婚年龄了，有点担心，我一个人患癫痫就可以了，不想自己的孩子也有。想问问癫痫到底要怎么治疗？会不会隔代遗传后代？,您好，癫痫是由于脑组织异常脉冲引起全身肢体抽动的一种疾病，这种可以分成外伤致使或者是先天性的，可以通过仔细检查脑电图或者头颅ct明确治疗的话，主要是通过长期的口服抗癫痫药物，比如说卡马西平或者丙戊酸钠就成，一般2到5年不会隔代遗传给后代的。
神经科,癫痫病如何治疗好？,医生您好，我得了癫痫病，经常会再次出现肌肉抽搐，而且四肢麻醉的情况，这样子我特别痛。所以我想找办法看能不能够治好自己的病。您好医生，癫痫病要怎么治疗？不喝药行吗？,你好，根据你描述的情况看来目前根据您叙述的情况，如果具有癫痫疾病还是需要有口服药物，不建议乱停药的，因为乱停药有可能会致使癫痫疾病进一步缓解，有可能会致使病发风险，一般具有电信疾病，主要有考虑是由于神经脉冲异常致使的建议还是需要有正规治疗比较好，祝您健康。
神经科,癫痫的治疗方法会是有哪一些？,我们班新转来了个男生，学习成绩很好，不过据说他有癫痫病，所以到现在也还没有同学肯跟他一同玩。我觉着这样边缘化人家也不太好，况且也不是他想生这个病的，我想必理解一下，癫痫的治疗方法会是有哪一些？,目前癫痫的治疗方法有许多，药物治疗是最普遍的治疗。药治疗能把患者的病情很快的控制住，也会增加患者的复发次数以及患者复发时的痛苦。但是患者在用药的时候一定要在医生的指导下用药。还可以手术治疗。癫痫的治疗要有个乐观的心态，有个好的心情，是有助于癫痫患病病情的转好的。
神经科,癫痫病的治疗药物有哪些，疗效如何,癫痫病的治疗药物有哪些？我一的朋友患癫痫病，想帮她理解一下。,癫痫病的治疗，的药物是比较多的，但是你自己不要盲目的去使用一些药物，最好还是要在当地正规医院实施了相关检查之后，在医生的指导下使用有关的药物来长期的口服，而且癫痫病患者一定要注意，不要过度的辛苦和操劳，要注意控制自己的情绪，惯良好的生活习惯。
神经科,脑梗死咋样子的医治？,1、左侧基底节区急性脑梗死，范围较前片减小，水肿较前明显。2、双侧额顶叶脑白质易发脑水肿灶,你好：左侧基底节区腔梗，主要头晕，不严重，建议给与活血化於及营养脑细胞药物治疗，考虑还是拥有脑供血不足的情况，应当和高血压关于，也会有头晕。建议：现治疗主要以稳定脑循环往复、营养脑神经等，同时要控制好血压，监测数据血压变动。2脑梗死病情很严重，建议患者及时对症治疗，期望患者可以根据医生的意见对症治疗。同时看重饮食问题，防止辛辣影响食物，。上述的答案期望可以帮助到您，谢谢。
神经科,癔病是羊角风吗,无,"癔病不是羊角风,癔病是神经症的一种。所谓神经症，指的是没有器质性病变，但却出现神经系统症状的一些疾病，它包括神经衰弱、焦虑症、强迫症、恐怖症、神经症性抑郁、疑病症、癔病等。 "
肾内科,肾病综合征的并发症是？,患者最近感觉浑身都不怎么舒服，肾病综合征的并发症是？,亲爱的咨询者您好，肾病综合征的并发症主要有：传染、血栓及栓塞并发症、急性肾衰竭，尿毒症，蛋白质及脂肪分解代谢紊乱等，肾病综合征引来肾功能失代偿情况下还会再次发生贫血、低蛋白血症等并发症。肾病综合征患者晚期最终结局以肾衰竭中止，需要有采用肾移植治疗。
肾内科,小儿原发性肾病综合征该怎么办？,患者最近感觉浑身都不怎么舒服，小儿原发性肾病综合征该怎么办？,小儿原发性肾病综合征的话可能会是遗传性的肾病综合征，大多数是微小炎症型，使用糖皮质激素类药物实施治疗，同时还需要有使用保肾护肾的药物实施治疗，否则可能会引来肾功能异常，如果病发过程中再次出现蛋白尿，低白蛋白血症的话还需要有免疫球蛋白治疗，提高身体免疫力，本病最终结局会引来肾功能衰竭。
肾内科,先天性肾病综合征饮食疗法需要注意什么,医生，您好！我老婆刚生下孩子才一个多月就被诊断为先天性肾病综合征，好担心以后孩子营养问题，生长发育问题，想详细理解一下先天性肾病综合征饮食疗法需要有留意什么？,亲爱的咨询者您好，这个饮食方面要特别的当心，控制盐分的过多摄取，饮食以清淡为基础，尽可能要增加盐的摄取，不然的话非常容易缓解肾病综合症的症状的。然后呢可以采用许多中成药或者是中医中草药煎药来实施调养，有利于稳定副作用的，也是相对比较小的。祝健康。
肾内科,肾病综合征能过性生活吗？,我最近尿频尿再次出现浑身不适、头晕乏力、腰骶酸胀微去医院仔细检检查结果是肾病综合您肾病综合征能过性生活吗？,肾病综合症如何同应视病情而肾病综合症患者要正确了解“节欲”的道采用主动的态度互相配合医生的治疗。根据病情严重程度选择如何实施性生活。病情严重一般要节欲。病情较轻是可以适当实施性生活的。只是性生活过程要格外留意清洁卫以免传染后进一步缓解肾脏危害。
肾内科,肾病综合征是怎么回事？,我最近尿频尿尿尿的时候有轻微的疼痛。再次出现浑身不适、头晕乏力、腰骶酸胀微去医院仔细检检查结果是肾病综合症您肾病综合征是怎么回事？,肾病综合征患者的肾小球擦除的能力比正常人的都要致使尿液中的蛋白成分会越来越随着尿液排出来体这样人体血液中的蛋白就会越来越致使无法来供给人体正常的身体所长此以可能使患者肾衰这样患者身体的抵抗力就会减随很容易就会患其他的慢性疾病。所足肾病综合征的危害之所以患者在再次出现这一疾病的常见症状的时一定要及时的去检查救以免病情缓解。
肾内科,肾病综合征大量蛋白尿的原因是？,我最近尿频尿尿尿的时候有轻微的疼痛。经常出现浑身不适、头晕乏力、腰骶酸胀微去医院仔细检检查结果是肾病综合征大量蛋白尿您好:肾病综合征大量蛋白尿的原因是？,肾小球基底膜通透性的变动是肾病综合征时蛋白尿的基本原包括电荷屏障、孔径屏障的变动。而肾小管上皮细胞重吸收原尿中的蛋并对之实施分解代谢的能力对蛋白尿的构成也有一定的干扰。尿蛋白的量还受血浆浓度及肾小球滤过率等因素的干扰。血浆白蛋白严重减低可使尿蛋白排出来量减少。反当静脉输注提炼蛋白制剂尿蛋白排出来量可一过性地增强。肾小球滤过率对尿蛋白排出来的干扰足见于非固醇类消炎药和血管紧张素转化酶抑制剂通过干扰肾小球注入、跨膜压而使尿蛋白增加40~60%。
肾内科,女性肾脏囊肿要紧吗？,我的下背部经常备感疼有时很我不能够快速移只好躺在床上休这段时间有两例血尿。我去医院检查。经过许多次测医生说我是肾囊肿。您好女性肾脏囊肿紧要吗？,不要肾囊肿是成人肾脏最常见的结构异可为单侧或双个或多直径约2c囊肿直径可达10cm。单纯性肾囊肿多无症对肾功能及周围组织干扰不因此不需救只要6个月到1年随诊。如果囊肿巨直径低于10c产生周围组织控制症引来尿路梗则可能需要有手术治疗。祝患者身体早日恢复健康！
肾内科,肾病综合征的三高一低什么原因？,我的弟弟最近总是感觉尿尿有点灼感觉很不舒尿液还特别的难过是肾病的问您好肾病综合征的三高一低是什么意思？,慢性肾脏疾病通常致使营养不可再次出现消瘦肾病综合征是肾小球通透性增强。检查体现“三高一低”症状。三高一低是指高水肿、高蛋白尿、高脂血症和低蛋白血症。肾病综合征易再次发生传染、分解代谢紊乱、肾功能衰竭和低蛋白血症引来的血栓形成。应积极预防工作和救留意饮食。
肾内科,患有肾病综合征究竟能活多久？,我有个朋友他孩子患肾病综合他说是在一次感冒后没及时医治病毒感染到肾病引来肾病综合征您好小孩患肾病综合征能活多长时间呢？,很多肾病患者在知晓自己患肾病并担心自己之后都会问这样的问题。事实肾病综合没时间问这个问题。因为肾病综合征和尿毒症是不一样的。肾病综合征在不同的阶稳定的机会也不所以我们必须及早治疗。刚刚发觉的肾病综合这一时期并不伤及灵但如果不予以看肾病综合征一旦危害肾功其病情就无法获得有效压肾功能上升的后果非常严重。
肾内科,肾病综合征对激素敏感怎么回事？,10年前被确诊为肾病综合症。口服激素药10每次减到1片左右就病双倍后正常。目前服1片。如何彻底花掉激彻底康复？肾病综合症对激素敏感怎么办？,始终保持居室空气新不到的人群密集的场始终保持皮肤清预防工作皮肤伤预防工作传有传染及时诊病。进易消化、清淡饮食。留意身心劳逸结增加机体免疫留意锻炼身体。不定期复检尿常规、肾功能。利尿消肿：以噻嗪类加保钾利尿剂或用效果好；效果不佳换用渗透性利尿剂如低分子右旋糖白蛋或用襻利尿剂如速尿。人体白蛋白的使用指征：①利尿不理想；②利尿后有血容量不足表现；③短期内肾功能进行性上升。利尿不宜太易致血容量不构成血栓和电解质失衡。
肾内科,肾病综合征的临床表现有什么？,肾病综合征的六大临床表现是什么呢？我最近好象有这个趋我就想进行咨询一下。医生可以传达点评一下吗？这之后会有危险吗？,首全身水肿几乎都不同程度地再次出现。水肿在面部、下肢和阴囊最为明显。第消化道症状由于胃肠道水往往没有想到排便、恶心、干呕、腹痛等消化道功能障碍症状。在氮质血症的情况上述症状会缓解。第高血压事非肾病综合征的重要临床表但有水和钠潴留以及血液体积增这可能致使短暂的高血压。四.蛋白尿。五、低蛋白血症六、高脂血症血液甘油三酯明显增血浆可呈乳白色。
肾内科,怎样诊断肾病综合征？,前阵子觉着身体不太舒感觉到身体再次出现了许多异性生活极早上醒过来唇干舌每晚都要夜尿频、尿急、尿不感觉到整个人上班、练习都没了动网上说可能是肾病综合但我闺蜜自己不知晓如何确诊。如何确诊肾病综合症？,肾病综合征有慢性可再次出现蛋白尿、低蛋白血症、高度水肿、高脂血症。要长期服药救定时监测数据尿常规、肾功能、血脂等。可以口服利尿剂、激素类、抗凝药物也可以结合中医中药调及时控制传必要时服食细胞毒药物如环磷酰胺、盐酸氮芥等。祝患者身体早日恢复健康！
肾内科,肾脏囊肿是肾脏疾病吗？,我有的时候总是排便困生过孩子后才知晓自己得了痔现在身体有肾脏囊您好肾脏囊肿是肾脏疾病吗？,肾囊肿是成人肾脏最常见的结构异常。它们可以是单侧或双个或多一般直径约2c也有直径高达10cm的囊多见于男性。随着年龄的增发病率越来越高。单纯性肾囊肿一般无症状。只有囊肿控制引来血管交通不便或尿路梗阻时才可能有额外的表现这可能对肾功能有影响。当囊肿低于5cm应实施适当的救包括囊性吸痰、囊内麻醉硬化剂或手术治疗。
肾内科,做了肾穿刺一年感冒了会病发吗,一年前得了肾病综合征做了肾穿刺结果是发育不良致使肾小球体积过小（微小型炎症）现在感冒了会不会病发(快一年没吃激素了),本类型炎症光镜下有近端小管的脂肪变那么又叫脂性肾病；它是儿童最常见的肾病综合征（NS）。特征性发生改变：广泛肾小球脏层细胞足突消因为病情表现为选择性的蛋白90%对糖皮质激素敏感（在NE所有病理类型中最敏感）。本病的并发症中就会呼吸道感染。所以一旦感必须着重治疗。
肾内科,孩子肾病综合征是什么？,孩子现在还比较小的时候觉着他的身体就有点可是后来经常性的生到医院去做检查的时医生说是有肾病综合孩子肾病综合症是什么呢？,肾病综合征主要就是肾方面的一种疾而且早期的治疗还是比较好除了可能再次出现血尿或者是蛋白血压高血脂体重增加。低蛋白血症。尿常规检查体现大量蛋白尿。建议患者如果质疑积极到肾内科复明确。治疗主要是以糖皮质激自动免疫调节剂等药物治疗。祝患者身体早日恢复健康！
肾内科,肾病综合征激素副作用有什么？,我妈在医院检查患上了肾病综合在患上这种疾病之他的病情缓解的特别严并且经常就会再次出现发他现在正在使用激素药物救肾病综合征激素副作用？,听说药物对于肾脏疾病的治疗效果是不错但是如果长期使用很有可能引来许多副作用，所以患者在使用激素药物的时候一定要谨慎的动并且遵医嘱来使用药这样能增加这些副作用的再次出尤其是在停药的时候一定要逐渐的停不可以再次出现骤然停药的情况。祝患者身体早日恢复健康！
肾内科,肾病综合征吃激素药的副作用有什么？,爸爸得了肾病综合症九年了一直吃强力松控制中间好过一段时间后来又病发了脸胖、常常腿酸而且情绪暴躁不安近段时间更是患上了紧张性头您好肾病综合征吃激素药的副作用有哪些？,微小病变型肾病和轻度系膜增生性肾小球肾炎的预后好。微小病变型肾病部分病人可自发地纾治疗缓解率但缓解后易病因此建议要作好预防工作效留意预防工作传留意歇息防止劳疲你的口服药物有激此类药物有皮质功能紧张性综合征。满月脸、水牛背、高血压这个疾病需要有长期控制和仔细检、多毛、糖尿、皮肤变引致或缓解传引致或缓解溃疡引致高血压这个疾病需要有长期控制和仔细检和动脉硬食欲增低血高血糖逆反心理。
肾内科,幼儿肾病综合征的原因有什么？,儿子身体一直都很好但是这几天身上浮肿试过许多的方法都没治疗几天前带他去家里附近的一家医院仔细检大夫说儿子患上了肾病综合评价以前对肾病综合评价病没什么了理想知道引来婴儿肾病综合评价病的原因。婴儿肾病综合评价病怎么引来的？,肾病多是由于自动免疫复合物沉积在肾小球引来的蛋白水低蛋白血血压升高的肾儿童的肾病多是微小炎症类型这类肾病对激素治疗比较敏但是容易病一般应使用激素救待病情稳尿蛋白阴性激素逐渐加量。生活规律深度睡眠充劳逸结冷暖适擅长。寒冷季节留意防寒。祝患者身体早日恢复健康！
肾内科,女性肾脏囊肿要紧吗？,我的下背部经常备感疼有时很我不能够快速移只好躺在床上休这段时间有两例血尿。我去医院检查。经过许多次测医生说我是肾囊肿。您好女性肾脏囊肿紧要吗？,不要肾囊肿是成人肾脏最常见的结构异可为单侧或双个或多直径约2c囊肿直径可达10cm。单纯性肾囊肿多无症对肾功能及周围组织干扰不因此不需救只要6个月到1年随诊。如果囊肿巨直径低于10c产生周围组织控制症引来尿路梗则可能需要有手术治疗。祝患者身体早日恢复健康！
消化科,浅表性胃炎咋样医治更佳,嗳气，一年之久，做胃镜说的是浅表性胃炎，。。。。。。。。。。。。。。。。,根据你的叙述情况是慢性浅表性胃炎，多跟平时饮食习惯关于。对于您的这种情况可以服食奥美拉唑肠溶胶囊和多潘立酮片，同时留意饮食规律，忌食辛辣影响和极冷油腻！其实得了胃炎并不可怕，患者要认为自己是可以战胜病魔的，只要在早期发觉的时候及时治疗，控制病情及康复的几率都非常大。
消化科,幽门螺杆菌咋样缓解好？,查大血有幽门螺杆菌！没查胃镜要吃半个月的药！药快吃完了现在还是老打咯噪子有粘痰！每天一次排便成形颜色青不黑的！您好我中途可以吃点键胃消食片！食欲也好！胃不疼就老打咯有粘痰！,这种考虑是消化不好，可做个胃镜明确一下再复检一下幽门螺杆菌建议留意饮食不要吃辣的凉的少吃油腻的仔细检查明确一下，多活动增加身体的体质此外，幽门螺杆菌患者在治疗期间，患者的饮食状况和护理也是很重要的，患者一定要留意歇息，可以适当活动，以免引发不必要的伤害，期望上述的答案可以帮助到你，谢谢。
消化科,幽门螺杆菌咋样医治更佳,其他都是正常的。幽门螺杆菌HP阳。慢性浅表性胃炎。。。。。。。,根据你的叙述情况是慢性浅表性胃炎同时伴发幽门螺杆菌感染！对于您的这种情况可以采取四联治胃的方法治疗，服食阿莫西林胶囊，克拉霉素，奥美拉唑肠溶胶囊和胶体果胶铋！除了治疗幽门螺杆菌外，建议患者在日常生活中要留意饮食，并且要始终保持舒畅的心情，以此来增强体质放慢康复速度。
消化科,经常胃酸咋样缓解好？,经常胃酸几乎天天这样，不吃东西也酸，痛，喝药不管用，还是酸，两年前做胃镜胃炎，一直喝药，不见踪影效果，之前难过是大病，三个月受了二十斤，舌苔发厚发白,根据你的叙述考虑是慢性胃炎，脾胃虚弱致使的消化功能紊乱，建议服食四联药物奥美拉唑，可拉霉素，阿莫西林，枸橼酸铋钾颗粒治疗慢性胃炎，脾胃虚弱，不符合建议服食附子理中丸，归脾丸实施调养。建议生活规律，少加班，始终保持心情舒畅增加压力，饮食清淡易消化，少食多餐，忌辛辣刺激性及生冷食物，少食产酸产气的食物，少油腻，戒烟戒酒，不定期复检。胃酸患者可以在理解对症下药的同时，在生活中用食疗做为辅助治疗，在日常生活饮食中需要有恰当饮食，防止刺激性食物。
消化科,幽门螺杆菌咋样子的医治？,幽门螺杆菌:第一次仔细检查9.19号仔细检查了胃镜和c13胃镜没事儿c13是幽门螺杆菌阴性650多喝了两周四联药停药一个月去仔细检查参数值还是260又喝了两周四联手但是喝完感觉没什么作用到现在还是一直痛最近肚子一直痛躺着肚子都抽抽是不是第三次复检需要有停药后两个月才可以去复检第三次,根据您所叙述的情况来看，如果是幽门螺杆菌感染，服食四联药物治疗之后需要有复检，但是如果复检很许多次都不转阴的话，可以考虑中成药治疗。拥有上述的这种情况，可以决定再次复检，一般是要一个月之后再复检，建议可以决定服食中成药胃药颗粒来对症治疗看一看。除了及时治疗幽门螺杆菌外，患者朋友理应始终保持积极的心态去直面疾病，只有这样才能令得患者及时对症治疗，同时要多看重自身饮食护理，观注营养均衡，及时消化身体营养，认为这样一定能将幽门螺杆菌撵走。
消化科,我想了解慢性胃炎吃什么药？,慢性胃炎，口苦，打嗝，胃胀，请中医师傅帮帮忙看一看需要有吃什么中成药治疗口苦，胃胀打嗝，在线等,您好！根据您叙述的情况，考虑确诊：慢性胃炎，目前的症状，个人建议可用泮托拉唑、伊托必利、四磨汤等治疗。中药建议综合评价舌脉辨证论治使用。清淡易消化饮食调养，适度活动。祝健康！除了对症治疗胃炎外，患者还需要有看重护理方面，比如饮食清淡，防止辛辣影响食物。与此同时患者还要留意决定一家正规医院诊病，这样才能获得良好的治疗效果。
消化科,我想了解胃溃疡应该注意什么？,病症是胃溃疡，浅表性胃炎，以前有肠炎，一直在甘肃治疗，前段时间主要治疗胃溃疡，吃了一个多月雷贝拉唑钠肠溶胶囊。现在吃复方谷氨酰胺肠溶胶囊与雷贝拉唑钠肠溶胶囊。,很肯为你解惑。通过的叙述胃溃疡和胃炎建议你平时饮食规律，不能够暴饮暴食，饮食尽量少吃辛辣油腻食物，规律用药。胃溃疡患者的日常治疗主要是服食药物，患者可以用许多口服药物，互相配合许多维生素，而且留意饮食多吃清淡稀软的食物，期望胃溃疡患者可以尽快康复！谢谢！
消化科,胃炎需要咋样医治更佳,有胃炎两年了，去年冬天查胆汁反流性胃炎到现在都没好，也有胃下垂，经常胃疼胃胀，肚脐上边疼肚脐周围和下腹部疼胀，大便还干，经常半夜里疼醒，轻轻重重的好没法，我这腹部疼是什么情况，需不需要拍腹部ct,根据你的叙述有胆汁反流性胃炎，现再次出现脐周不适等等，临床诊断需要有考虑慢性肠炎，肠易激惹综合症可能会临床诊断这方面可以仔细检查腹部CT，最好是仔细检查肠镜明确确诊，根据结果对症治疗，互相配合饮食调养除了及时治疗胃炎外，患者朋友理应始终保持积极的心态去直面疾病，只有这样才能降低患者的免疫力以及抗衡疾病的信念，同时要多看重自身饮食护理，多观注自身的症状变动，认为这样一定能将胃炎撵走。
心血管科,老年人高血压一般如何治疗？,我爷爷今年68了，年纪大了，高血压这些也领着来了，这些病让老人很痛苦，每次都要按时喝药，才能控制住，还得时不时去医院检查一下身体，想进行咨询一下医生，老年人高血压如何治疗？,你爷爷患高血压，这是老年人常见的心血管病，血管老化硬化，血压调整能力消退了，目前治疗高血压最重要的方式就是口服降压药，按时口服，不定期复检血压，把血压控制在正常范围是最理想的状态，建议不定期去医院查体，平时不要抽烟喝啤酒，不要吃太咸的食物。
心血管科,老年患有高血压，危险有多大?,医生，我叔叔今天住院了，我去医院看他，发觉这个医院心脑血管科室真的人多，是不是天冷对这一小部分人群杀伤力大，您好一下，老年患高血压，危险有多大?会不会有生命危险,老年患高血压的危害是比较大的，在临床诊断上可以影响心、脑、肾等脏器，为高血压可以得脑出血，也可以得脑梗塞，这个最重可以引来濒死，偏瘫，高血压还可以引来心肌肥厚，可以致使心功能不全，而且可以引致缺血性心脏病，长期的高血压还可以致使肾动脉硬化，可以引来肾功能不全。
心血管科,高血压能去做大幅度剧烈运动吗？,我有高血压，一直在喝药治疗，需要有注意些什么？高血压能做剧烈运动吗？,您好，您现在是高血压患者，现在一直在口服着降压药物，所以呢，太剧烈的活动是不适合你的，但是也要每天有活动，每天都要有轻度的，不太剧烈的活动。饮食上要注意低盐低脂饮食，因为血脂高的话，可以引发动脉粥样硬化，增大心脏的阻力，有利于控制血压。平时要注意个人生活习惯，饮食要健康。
心血管科,我妈妈高血压有什么要注意的？,我妈妈高血压有什么要注意的？她平时爱吃泡菜和大鱼大肉的，身材也有些肥胖还不爱活动。听别人说高血压不能够吃太咸了，也不能够吃太多肉，但是我们说了她不听。所以想找个高血压方面的专家进行咨询一下。,平时要按时测定血压，尽量把血压控制在正常范围之内。按时口服降压药物，不可以擅自加量或者是加量。平时要适当的活动。不要吸烟喝啤酒，不要熬夜，作息规律，确保充足的深度睡眠，高血压患者一定要注意饮食，不要吃太多油腻辛辣的食物，要多吃点蔬菜水果，要低盐，低油，低脂饮食。
心血管科,年轻人高血压吃什么药啊？,这次单位健康检查的时候，我查出来有高血压。这个病不是老年人得的吗？年轻人高血压吃什么药啊？,在健康检查的时候查出来有高血压，这个病不一定一定是老年人得的，高血压是一种慢性疾病，而且现在它的发病率也在越来越年轻化，特别是40岁以上的发病率比较高，主要是因为现在的生活方式以及压力过大，多种不同原因所致使的年轻人高血压吃什么药物，最终还是要结合患者的自身情况，在医生的指导下口服药物
心血管科,有轻度高血压的话平时需要注意哪些？,患者女，56岁，前一段时间总是感觉头晕、恶心，有时候还会眼花，去医院仔细检查之后医生说有轻度的高血压，说没什么大问题，平常中多注意一些就行了，当时因为诊室里病患太多，医生交代的也不是很清楚，所以想您好您有轻度高血压的话，平时都该注意哪些问题呢？,头晕恶心就需要有排除一下头部病变，如果血压轻微下降的话影响倒不是很大，主要还是决定控制血压，然后就是营养脑神经，稳定脑血管问题，主要还是考虑头部问题，可能性高一些，通过投入到位置的检验来实施明确，如果恶心症状比较明显，也需要有排除一下消化系统的问题。有些人群对于血压下降的敏感性比较重，所以会再次出现头晕，平时防止剧烈运动，不要操劳，然后影响高盐食物的摄取就可以。
心血管科,窦性心律和左心室高电压可检测高血压会有副作用,爸爸今年65岁了，想带他去测一下高血压，据说窦性心律和左心室高电压可以检验高血压，但我难过会有什么副作用，爸爸身体不太好。想问一下专业人士窦性心律和左心室高电压可检验高血压有副作用吗？,您好，如果您想仔细检查老人的心率和左心室如何有高电压，做这些仔细检查是没副作用的，对身体是没什么负面影响的，一般只是做个心电图就能诊断了，心电图仔细检查运作很简便，费用也不高，20到30块钱左右，大概20分钟就能运作完，这个仪器也没幅射，所以对身体没负面影响。
心血管科,高血压饮食上应注意那些？,父亲平时身体一直都很健但是最近身体有点不舒经常头晕、浑身发去医院仔细检查后说是高血您好高血压饮食上应留意那些？,根据情况叙述高血压是一种全身性疾其特征是动脉压下并伴发心脏、血管、大脑和肾脏等器官的功能或器官变动。建议可以偿试以下花菊花山楂茶、菊花、茶叶各10g和山楂30用热水冲泡替代每天服食一经常饮它具备清热降压、消食健胃、降血脂的功适用于高血压、冠心病、高血脂龙茶粉、绿茶50克、龙胆30碾磨成细用温水服食。
心血管科,高血压有什么表现？,我最近经常感觉后脑勺部位疼在突然蹲下或者站下来时还会有晕眩的感耳朵有点头而且小腿肚子还有点水测定血压有点偏很痛。在乎怎样的帮助：高血压的症状有哪些？,高血压再次发生患者会再次出现注意力不集中、记忆力减退的症高血压早期症状不明但随着病情的扩张而逐渐缓解。高血压患者在不远的将来表现出注意力集中、记忆力失去的逆反心而且往往很难记好最近再次发生的事但过去再次发生的事如儿童时期的事仍然记忆犹新。血压的正常范围应在90-140/60-90毫米汞柱之间。
心血管科,高血压糖尿病自我管理方法是什么？,你医生：我母亲632年前患糖尿病。现在她有高血压（160-110）。现在她正在服食胰岛素（甘舒林R）。医生开的降压药是硝苯地平缓释片。现在她早上8点半左右脸上发血糖也在下降。下血糖上升。糖尿病和高血压应当服食什么降压药？高血压和糖尿病的自我管理,建议口服卡托普留意以下几点：（1）恰当饮食；（2）适当活动；（3）戒烟戒酒；（4）心理平衡；（5）自我管理；（6）及时就诊。尽量吃蔬如芹菜和木耳。我们必须少吃早点戒烟戒酒。深度睡眠最迟不超过10为了防止过度激我们必须坚持活动坚持按时服不定期测定血保持良好的心鱼精素茶也可以减低血建议我们必须经常喝。
心血管科,如何治疗原发性高血压？,眼见就快退居二线没想到前段时间查出来高血而且是原发性高血想问问如何治疗原发性高血压,一般情况下高血压的诱因多为隔代遗传因素、精神和环境因素、生活习惯因素引对原发性高血压患者来主要的诱因是长期的精神紧张、膳食结构不合早期确实是很难达到疗建议先到医院实施全面仔细检在医生指导下实施治疗，在治疗之余要注意保持睡眠，充足的睡眠才能帮你尽快远离病魔。
心血管科,高血压有什么表现？,我最近经常感觉后脑勺部位疼在突然蹲下或者站下来时还会有晕眩的感耳朵有点头而且小腿肚子还有点水测定血压有点偏很痛。在乎怎样的帮助：高血压的症状有哪些？,高血压再次发生患者会再次出现注意力不集中、记忆力减退的症高血压早期症状不明但随着病情的扩张而逐渐缓解。高血压患者在不远的将来表现出注意力集中、记忆力失去的逆反心而且往往很难记好最近再次发生的事但过去再次发生的事如儿童时期的事仍然记忆犹新。血压的正常范围应在90-140/60-90毫米汞柱之间。
心血管科,高血压也能引起高眼压吗？,我有高血压。现在我的眼睛不舒服了。有人说是眼内压高。是吗？,根据你的叙正常人的收缩压（高压）为90-13舒张压（通风机）为60-90。如果低于这个范可能会是高血压。高血压需要有长期使用降压药血压正但也需要有专心服食药一旦停容易反如果血压控制不就会引来眼睛不严重的结膜充血会再次发生，在治疗之余要注意保持睡眠，充足的睡眠才能帮你尽快远离病魔。
心血管科,痛风如何用高血压药？,最当我上楼的时我经常备感关节痛。我以前没见过类似于的情况。晚当我侵泡我的我也发觉许多关节畸形。我也很担心痛风的检验。我想知道如何更好地治疗痛风。,你好，根据你的描述：痛风患者中有10%-25%再次发生尿酸肾结石。有些病人甚至以尿酸肾结石为首发症状。细小的积淀状结石很容易随尿液排出来。患者可能会没任何症状。较大的结石常引来肾绞痛和血尿。第二级神经元尿路感可有尿频、尿急、疼痛等尿路影响症状或腰痛。
心血管科,高血压多少标准需要吃药？,最近爷爷有了高血也挺担心但对这些不太理您好高血压有多少标准要喝药呢？,按照目前的情况一般来说血压的数值往往是低于150/90mmhg。如果再次出现了高血压的问这种情况是可以考虑及时的口服降压药物实施积极的治疗。平时的时候一定要留意适度的锻炼身积极的减低体重。不要吃过度油腻性的食不定期测定血压，在治疗之余要注意保持睡眠，充足的睡眠才能帮你尽快远离病魔。
心血管科,血压14580是高血压吗？,学校组织健康检发觉我的血压比他们的都要高点。我的血压145/80是高血压吗？是不是血压的数字越血压就越高？,您在健康检查时血压为145/80毫摩尔汞不能够确认你就是高血因为干扰血压测定的因素许血压最好在同一天安静的状态不同时间内测定3次都大于140/90可以相信患高血压的。您在健康检查时的收缩压稍微高许如何与紧张关如何瞧见白大衣就焦虑不安等关建议您不要过度的紧可以专心仔细观连续察看血压如何升高。
心血管科,高血压适合吃什么水果？,去年仔细检查出患高血最近总头疼头晕恶一点儿食欲都想知道高血压擅长吃什么水果？,高血压是指动脉内血液压力过高。本病是临床诊断常见的全身血管性疾时间长会对人体引发很大的伤害。擅长高血压病人吃的水果有香蕉降、柿子、山楂等。保持良好的心理状彻底消除紧张和压仰的心理。适当歇确保深度睡按排合适的活如症状较多或有并发症时应卧床歇息。另外菠萝降血从菠萝汁中给出的蛋白水解临床诊断上用做抗水肿和抗类风湿。
心血管科,颈椎不好会引起高血压吗？,颈椎不好会引来高血压吗？,根据您的叙述实施初步考虑。颈椎病可分成神经根型颈椎病、椎动脉型颈椎病、颈椎病和交感型颈椎病。交感性颈椎病的特点是交感激动或抑止。如果致使血压下降。建议您到当地正规三甲医院骨科、心脏科实施特殊的体格检查和颈椎CT影象仔细检进一步明确确诊更为合适。
心血管科,高血压引起的头晕要如何治疗好呢？,老公最近因为高血压头晕的厉害还伴发头连续个礼拜了还没有转想问问高血压引来的头晕该怎么办？,高血压是指动脉内血液压力过高。本病是临床诊断常见的全身血管性疾病。如果头晕是高血压引来那首先需要有控制血始终保持血压平稳。血压控制住头晕慢慢的也就可以缓解。建议遵遵医嘱长期服食降压药不随意加减药物剂留意药物的不良反再次出现不适症状及时复诊。
心血管科,刚确诊为有高血压平时吃鱼好吗？,刚被诊断为患高血平时可以吃鱼吗？可以吃鱼罐头吗？饮食上有什么需要有留意的？,你好，根据你描述得情况来看：高血压患者是可以吃鱼的。通常患高血压的患者在降压的时候不能够过快降而且降下来血压的数值也不能够太主要是达到平稳降压才是最重要如果急于求成想要快速获得过低的血反而会适得其反。食用油方面可以决定植物不建议使用猪油和动物油。
心血管科,妊娠期出现高血压要如何治疗好呢？,怀上30查出来有高血高压15通风机10想进行咨询一下妊娠高血压怎么办？,妊娠期高血压疾病的基本治疗原则是镇静、解痉、低血压、利尿、及时中止早孕。病情的程度不治疗原则略有不同。如血压下可采用低血压治疗。多歇对于轻度妊娠高血压可住院治疗或在家救但先兆子痫患者建议住院治疗。保证充足的深度睡采用左侧卧每天歇息不少于10小时。
心血管科,孕妇得了高血压吃什么食物？,老婆怀上三个最近被查出来高血这下更不敢给她乱吃东西就想问问孕妇得了高血压吃什么食物？,一般情况下高血压的诱因多为隔代遗传因素、精神和环境因素、生活习惯因素引降血压最好的蔬菜是芹菜。(1)芹菜根芹菜粥120粳米250克。将芹菜洗切成洗净表面处理的圆米。将芹菜和精米放入锅加入适量清水用武火煮然后用文火煨至米饭烂成参与些许盐和味搅匀均匀。
心血管科,高血压不能吃哪些？,随着年龄的下身体的情况越来越糟总是再次出现头无力等现去医院健康检查医生说患高血我想理解下高血压不能够吃哪些水果？,高血压不能够食用的蔬菜包括腌如榨菜、酸菜、泡菜等。盐冻蔬如豌豆和绿豆仁。各种腌渍再加工蔬菜汁和蔬菜罐头。高血压不能够吃水果有干如蜜饯、失水水果等。各种盐水果罐头和再加工果汁。只要新鲜的水果和蔬菜(果汁)是天然的和未经再加工的(盐腌和腌渍高血压患者就可以食用它们。
心血管科,治高血压什么降压药好？,我爷爷一直患高血今天早上上床睡觉的时候突然觉着头是不是降压药不您好治高血压什么降压药好？,治疗高血压的药物有很多种不根据不同的情况决定不同的降压药物实施对症救根据具体情况推测患者最合适的血压范并采用针对性的治疗措施。在改善生活方式的基础建议使用24小时长效抗高血压药物来控制血压。除了在门诊检验血压患者还应留意监测数据和经营家庭清晨血以控制血减低心脑血管事件的发生率。
心血管科,高血压而且还会头晕该如何治疗？,你好医生！而且我的高血压已经有一段时间最近总是头我想应当就是高血压引来的。我需要有留意什么有什么需要有预防工作除了就是怎么方才能快速的把这个病治好？,您如果是已确诊出高血压的患建议防止抽烟和饮酒这些有害动因为这样会减低高密度脂蛋白水并增强血液凝块的风险。在饮食习惯我们应当多加排便些植物性蛋白含量高的食如豆类豆制菠茄芝木紫菜还应当多吃许具备降血压作用和降血脂作用的食如芹白萝胡萝海海牛黑鱼等。
心血管科,该如何治疗心血管病高血压？,医爷爷年纪大得了心血管病和高血您好该如何治疗心血管病高血压？,你好，根据你的描述的情况来看：你父亲的这种情况建议最好去医院就医治疗，血压偏高有点儿危险，如果不积极治疗降压很可能会引起脑出血，所以建议你父亲立即就医治疗。高血压性心脏病也可以看中医喝中药调理治疗，平时多注意饮食，忌食辛辣刺激和肥甘厚腻食物。
心血管科,有高血压的人能吃阿莫西林吗？,我最近有些感需要有服食许多阿莫西但是不知晓高血压患者能不能服食阿莫西林？,对于高血压病的病人来如果因为某些病情需要口服阿莫西林胶囊是可以的。这种药物并不是高血压病人的禁忌药物。因此只要对阿莫西林没过敏的情况可以放心好了的使用这种药物。可以放心好了服食。运用阿莫西林需要有留意一下三点：第患者运用应保证青霉素皮试阴性。第此药物为时间依赖性抗生应一日许多次给药。
心血管科,肾病高血压要怎么治疗？,最近总是感觉自己身体不是很舒因为培训原因一直比较没在您好肾病高血压要怎么治疗？,对于肾性高血压的病发机能减低肾素施放或抑止血管紧张素切换酶、扩展肾动脉、稳定肾血供和氧供、减低血容量的药物均可起些减低肾性高血压的作用。常用于治疗肾性高血压的药物包括以下1种。抑止肾素活性的药如可乐甲基多巴。患者可以在接受正规治疗的同时，在生活中用以上方法作为辅助治疗，在日常生活饮食中一定要切忌过饥或过饱，一定不能暴饮暴食。
心血管科,肝阳上亢高血压吃什么？,2年高血血压95-14去年吃一年汤现在血压不稳不累不累点就高到92-145。肝阳上亢高血压吃什么,高血压是根据中医对高血压的分用中药治疗的。高血压是临床诊断上常见、多发病的疾病。根据临床表中医将其分成头痛和晕眩。中医相信高血压的病因是风、火、痰、瘀、虚根据疾病的不同表现出和特确认不同的高血压中医治疗方法。高血压的主要原因是由于肾脏过度操劳、肝郁气愤引来的肝肾阴阳不足。
心血管科,高血压脑血管堵塞应该挂什么科室？,最近总感觉自己的高血压的症状缓解我想去医院检查一因为不知晓去医院挂哪个科所以我想问一下高血压脑血管堵塞应当挂什么科室？,去神经内科实施挂科是要积极的稳定脑部血液的循环往复守还要实施抗血小板汇集的药物救在必要的情况下是需要有采用在静脉溶血栓和在动脉中拿出血栓的办法实施进一步的治疗。在治疗的过程中要保持良好的心情不要悲不要吃辛辣影响寒凉的食要及时的消化体内的水积极互相配合医生的治疗。
心血管科,高血压膝盖骨质增生怎么办呢？,我父亲不仅有高血压，而且除了膝盖骨质增生，父亲现在很辛苦，您好我父亲该怎么办呢？,高血压以及骨质增生，都是具有慢性疾病，首先通过药物把血压血糖血液粘稠度稳定在正常范围之内，骨质增生应当局部决定一些舒筋活血的膏药，或者是决定口服通经活络的药物实施治疗。可以在医生指导下口服抗骨纤维化丸，骨刺平片等药物，也可以局部冷敷。调节身心健康，保持自身卫生.避免因抵抗力下降而导致细菌入侵。
心血管科,抽烟能引起高血压吗？,我长期吸烟，身体一直不好，去仔细检查血压结果是高血压，吸烟能引来高血压吗？,长期抽烟是高血压病的易发因素之一，所以对于患高血压病的患者来说，需要有戒烟戒酒，惯良好的生活饮食起居习惯，防止吃一些油炸，油腻，辛辣刺激性的食物，适当的实施体育锻炼，可以尽量减少血压升高等病情的再次发生，有助于增进身体的健康。调节身心健康，保持自身卫生.避免因抵抗力下降而导致细菌入侵。
心血管科,高血压如何确诊怎么用药,总觉着头晕头疼，有时候还会头昏，听不清别人答话，走路无力，像是脚踩在棉花上一样，因为妈妈家有家族高血压病史，妈妈难过她自己现在就有高血压，高血压诊断和用药方法有。,你妈妈近期有头晕头痛，头昏，乏力，走路不稳的症状，这种情况可以见于血压高的情况，建议复诊医院内科看一看，血压低于140/90毫米汞柱提示高血压，可以让大夫检查一下血压，明确有否高血压病，及时治疗，一般是口服降压药，平时注意饮食清淡，不要吃太咸的食物。
心血管科,我想了解老年人高血压如何治疗？,家里的老人患高血压。经常还再次出现头晕的现象。您好老年人高血压的治疗方法什么？,高血压是最常见的慢性也是心脑血管病最主要的危险因素。现在白叟70岁现在患了高血这个年龄段的白叟患者一定要决定作用比较温持续时间比较长的降压药来救以免增加血压的震最好决定长效降控制像钙拮抗剂拜新要不要决定短效降压不好压而且血压会有震荡。正常人的血压随内外环境变动在一定范围内震荡
心血管科,高血压治疗方案有哪些？,我爸爸得高血压一段时间了，想他去做个彻底治疗，高血压治疗方案有哪些？,对于高血压的人来说，除了严格按照医嘱的使用药物之外，也要注意日常生活中的调理，要影响食盐的摄取，每天的摄入量应当不超过六克，要戒烟戒酒，增加烟酒对血管的刺激，需要有始终保持适当的体力运动，尽量使体重控制在正常的范围之内，防止过度肥胖，要始终保持平稳的精神状态，防止过大的情绪震荡。
心血管科,为什么突然高血压？,我真的什么事情也没做，就是睡了个觉，睡了个觉之后，血压就攀升了好些，睡午觉会引来血压高吗？为什么突然高血压呀？像我这种睡一觉血压下降，能吃降血压的药来缓解血压吗？,您好，血压每一天不同时间是容易引来震荡的情况，是不要紧张的情况，暂时是不需要使用药物的情况，是需要有仔细观察自己的具体表现不定期不同一天的时间专心仔细检查诊断是比较好的，如果一些次仔细检查发觉血压一直比较高的情况，是需要有及时使用药物实施调整是比较好的。
心血管科,请问心脏病高血压能吃什么？,前几天仔细检查出的有心脏病和高血压，家里人又不知晓能做什么给我吃，您好医生心脏病高血压能吃什么？,您好，高血压心脏病患者可以吃山楂，其中所含丰富的碳水化合物、维生素、脂肪、胡萝卜素、蛋白质等营养成分，还所含丰富的维生素c。另外，高血压患者还可以吃苹果，梨，橘子，蔬菜，豆制品等等，不建议吃辛辣油腻的食物，可以适当的吃些鱼肉牛肉。祝您健康。
心血管科,高血压引起血管破裂如何处理？,我有个姐姐她这么年轻就有高血压，而且已经血管破裂，高血压引来血管破裂怎么办？,高血压引来血管破裂多是致使脑出血，脑出血的原因大多数是老龄、高血压和动脉硬化所引发的脑出血。年轻人脑出血，若无基础疾病及外伤，一般多考虑脑血管疾病，如动脉瘤，动静脉畸形等，除了血液性疾病，如白血病引发的出血性脑卒中。新生儿脑出血主要是由于孕期的维生素K缺乏和产伤引发的脑出血。
心血管科,为什么突然高血压？,我真的什么事情也没做，就是睡了个觉，睡了个觉之后，血压就攀升了好些，睡午觉会引来血压高吗？为什么突然高血压呀？像我这种睡一觉血压下降，能吃降血压的药来缓解血压吗？,您好，血压每一天不同时间是容易引来震荡的情况，是不要紧张的情况，暂时是不需要使用药物的情况，是需要有仔细观察自己的具体表现不定期不同一天的时间专心仔细检查诊断是比较好的，如果一些次仔细检查发觉血压一直比较高的情况，是需要有及时使用药物实施调整是比较好的。
心血管科,高血压但一直吃药还是反复什么情况？,医生我母亲83岁，高血压，但一直喝药控制在一定的范围内，但是有时候血压也会时高时低的，这是什么原因呢？平时饮食也很讲究，休息时间也很规律，您好有什么要注意的呢？要不你还是跟我说说哪些食物不可以吃吧，我怕我们这边忽略了谢谢您！,您好，按照你目前的情况看，如果再次出现了高血压的问题，这种情况往往和长期过度的饮食刺激、油腻有直接的关系。另外如果存到了隔代遗传的因素，也可以引发这种情况，平时的时候一定要注意饮食清淡，增加油腻食物的摄取。可以考虑多吃一些新鲜的水果和蔬菜。
心血管科,吃高血压药能吃感冒药？,我高血压比较高，所以一直在吃高血压的药，比较近又感冒了，所以您好吃高血压药能吃感冒药？,您好：高血压患者感冒期间需要有服药的，可以与感冒药物区分开来使用，监测数据血压。可以在早晨下来空腹服用降压药物。感冒可以多喝点水，用些抗病毒感冒药物治疗。平时注意休息，防止情绪激动和操劳，饮食宜清淡，防止辛辣和油腻。可以多吃些新鲜的蔬菜水果，消化维生素，祝您早日恢复健康。
心血管科,高血压累及靶器官损害表现为哪些？,医生说当高血压到了一定的值以后就会危害身体器官，高血压伤及靶器官危害表现出为哪些？,高血压立即把器官危害的主要表现出是他可能会影响到动脉硬化，脑供血不足，高血压，心脏病，高血压，肾病，以及眼底视网膜病变等一些症状的再次发生，因此，高血压患者诊断之后，一定要在医生的指导下测试有关对症的药物来平稳控制血压血压控制，方才能增加这些症状。
心血管科,高血压并发症有哪些？,我想您好一下高血压并发症有哪些？高血压患者在平时的生活习惯和饮食习惯这方面有什么需要有特别注意的地方吗？有什么是需要有特别忌嘴的吗得了，高血压除了能治疗的可能会吗？,高血压人如果长期不治疗，那就有可能会引来脑出血，脑梗死，对身体的危害是具有的，所以对于高血压，还需要有在医生的指导下口服合适的药物，防止对身体构成严重的伤害，饮食上需要有注意，不能够吃高脂肪食物，不能够吃含盐过高的食物，注意多休息，防止操劳和你的饮食，对身体是有好处的。
心血管科,高血压怎么诊断出来的？,我的父亲这段时间被仔细检查出的是高血压了，我想要您好一下，高血压怎么确诊出的的？,高血压的确诊标准是两次以上不同时间测定血压，均超乎正常标准。正常标准血压为收缩压在90～140mmhg之间，舒张压在60～90mmhg之间，不论是收缩压还是舒张压超乎正常范围，均可确诊为高血压。建议诊断高血压以后应在医生的指导下口服降压药物治疗。平时饮食宜清淡，低盐低脂饮食。
心血管科,老年高血压用什么药好？,外公一直高血压，家里人都不敢让他吃肉，看着他的身体一天不如一天人们心里都很痛，大夫都说外公岁数大了，高血压只好喝药控制，我想给外公买点好药，老年高血压用什么药好？,你好，根据你描述的情况看来老年人血压高，得结合老人的年龄，血压高，高到什么程度？具体的数值是多少？除了，老人可有其他的疾病？可有什么药物过敏史？药不分优劣，只要能看病就是好药。常用的口服降压药有硝苯地平缓释片，缬沙坦，卡托普利，厄贝沙坦氢氯噻嗪，寿比山等等。
心血管科,高血压应该吃些饮食好？,我家老头子之前一直都有高血压，血压控制的还可以，最近一段时间好象血压不稳定，时高时低的，去医院做了药物调养也是那样，我也不知晓是不是因为饮食出了什么问题。高血压应当吃些饮食好。如何调养？,高血压的患者多吃水果是比较好的，可以吃山楂，香蕉，火龙果，无花果。这是比较好的，可以辅助降血压。不能够吃太咸的东西，一定要低盐饮食，因为吃盐多了容易升高血压，也不要生气闹肚子，因为心情激动也容易升高血压，需要有经常测血压的，如果血压特别高，就要用降压药的。
心血管科,颈源性高血压能救治吗？,我有颈椎病，最近又发觉高血压，头晕，想进行咨询一下颈源性高血压能治好吗？,你好，根据你描述的情况看来颈椎病的患者容易再次出现高血压，头晕可以用不着养心安神药物，不要长期个姿势在电脑旁边工作，适当的运动运动脖子，多睡硬板床，也可以口服养血清脑颗粒，多吃含有维生素的新鲜水果，每天睡前可以用温开水泡脚20分钟，不要随便口服所含激素类的药物。
心血管科,男人有高血压可以要孩子吗？,老公这两年里一直都有高血压，现在准备要个宝宝，男人有高血压可以要孩子吗？,男人有高血压是可以要孩子的，首先高血压病不具有遗传性疾病，绝不会隔代遗传给孩子其次，高血压对于男性的生殖系统精子的质量并没有影响，因此男性患高血压是可以正常实施备孕的。需要有特别引用的是，建议您的老公到正规医院的心血管内科实施高血压的特定治疗。
心血管科,颈源性高血压能救治吗？,我有颈椎病，最近又发觉高血压，头晕，想进行咨询一下颈源性高血压能治好吗？,你好，根据你描述的情况看来颈椎病的患者容易再次出现高血压，头晕可以用不着养心安神药物，不要长期个姿势在电脑旁边工作，适当的运动运动脖子，多睡硬板床，也可以口服养血清脑颗粒，多吃含有维生素的新鲜水果，每天睡前可以用温开水泡脚20分钟，不要随便口服所含激素类的药物。
心血管科,高血压三项立位与卧位什么时间做呢？,三叔身体不适，到医院治病，医生让测高压三项。高血压三项立位与卧位什么时间做呢？,爱高血压三项一般建议早晨晨起就可以测定了。立位与卧位其实没关系的。这三高建议可以查一下血液，看一看血脂血糖和肝功能，肾功能可有变动。这个也是很重要的。现在就需要有控制了，不要吃辛辣油腻食物，平时可以多喝水。饮食主要以蔬菜和水果为基础。平时要注意个人生活习惯，饮食要健康。
心血管科,年轻人高血压吃什么药啊？,这次单位健康检查的时候，我查出来有高血压。这个病不是老年人得的吗？年轻人高血压吃什么药啊？,在健康检查的时候查出来有高血压，这个病不一定一定是老年人得的，高血压是一种慢性疾病，而且现在它的发病率也在越来越年轻化，特别是40岁以上的发病率比较高，主要是因为现在的生活方式以及压力过大，多种不同原因所致使的年轻人高血压吃什么药物，最终还是要结合患者的自身情况，在医生的指导下口服药物
心血管科,缓解高血压秘方是什么？,婆婆高血压好多年了，这个病能除根吗？您好根治高血压秘方是什么？,按照你目前的情况看，如果再次出现了高血压的问题，是不能够完全实施根治的。高血压多和隔代遗传、肥胖、饮食、油腻等具有了关系的。高血压主要是通过口服药物和生活习惯的调养来实施积极的控制，可以有效的预防工作再次出现把器官的伤损，从而增加并发症的再次出现。
心血管科,高血压吃阿司匹林好吗？,我平常有高血压，一直在吃降压药，最近感冒比较严重喉咙疼痛难忍，您好高血压吃阿司匹林好吗？,如果再次出现了高血压，没再次出现出血倾向的话，可以使用阿司匹林治疗。有防止出现动脉硬化的作用，如果再次出现了高血压病，可以使用血管紧张素切换酶抑制剂，或者是使用钙通道阻滞剂实施治疗。如果再次出现了感冒并且再次出现了嗓子疼痛，可以使用利巴韦林喷剂。
心血管科,高血压患者怎么用药？,我婆婆今年64岁了，她一直有高血压，但是她之前一直没喝药。今年恐怕是太累了，有一次突然快要昏倒了，我们立马扶着她去医院了，医生说必须长期喝药，您好高血压患者怎么用药？,如果平常有高血压的话，这种情况应当注意规律的口服药物实施治疗，尽量的将血压控制到正常的水平。一般口服药物尽可能决定一天一次到两次药物实施口服，也就是长效制剂会更好许多，这样降血压会更平稳许多，平常要尽量的防止操劳加班，不要吸烟饮酒，不要吃太过油腻的食物。
心血管科,血压什么时间量最准确？,血压什么时间量最准确多高具有高血压？有两年了迷糊头痛。吃过药父母有血压高掌控量血压时间用什么药要好一些?高血压该怎么调整，平时应当注意许多什么事情?,如果平常有高血压的话，这种情况应当注意积极的测定血压情况，通常建议尽量在上午8点到10点和下午4点到6点的时候测定血压，可能会要更准确许多，测定血压之前要注意休息五分钟以上，同时要注意双测血压，都要监测数据，根据高的那一个血压为准，然后根据血压的情况重新调整降压药物实施治疗。
心血管科,贫血高血压该有何办法可以缓解？,我奶奶有贫血，但是这几天她又被仔细检查出的有高血压，想您好贫血高血压该怎么办？,老年人有贫血疾病又仔细检查出有高血压，这种更加应当控制好发疾病，贫血的话可以通过口服铁剂和叶酸消化。自愈原料，增进红细胞血红蛋白的产生，而高血压的话应当长期口服降压药物实施治疗，特别是老年人应当更加严格控制。需要有联手一种或者两种长效稳定的将来要实施治疗。
心血管科,老年人得了高血压了是大问题吗？,我老爸因为年纪大了，身体慢慢变弱了，很多小毛病都出的了，最近，我的弟弟又不懂事了，气得我老爸血压攀升，瞬间就住进了医院，给我们引发了很大的困恼，所以我想问一下，老年人得了高血压了该怎么办啊？,您好，中老年群体是高血压疾病易发人群。高血压患者需树起终身服药的意识，高血压疾病并不能够完全自愈，只好通过降压药物的口服以达到减低血压，增加靶器官受损的目的。高血压病人需按医嘱严格口服降压药物，定时定量。断然不可私自对换药物的种类或增加药物的剂量，更断然不可私自停药，必要时需在医生的指导下实施。
心血管科,养森瘦瘦包高血压能用？,怕这个年龄大了，这个太胖了会得许多严重的疾病，但养森瘦瘦包高血压能用？,养森瘦瘦包类减肥药，并不建议高血压药物口服。节食药物会引发消化系统分解代谢紊乱，打破了机体的正常炼化，对高血压病人是极为不利的个现象。会引发血压的下降，严重时会再次出现高血压危象。针对高血压人群想达到瘦身的效果，可以通过适当的结石或重新调整饮食结构。防止排便辛辣油腻刺激性的食物，实施恰当健康的活动，循序渐进。
心血管科,体检前能吃高血压药吗？,明天早上要去健康检查，但是我有高血压，需要有每天喝药。您好健康检查前能吃高血压药吗？,如果患高血压病到医院去健康检查的时候，第三天空腹去医院仔细检查，正常健康检查一般包括血糖，血脂，肝功能和肾功能和腹部彩超等仔细检查，如果口服高血压药物以后会影响健康检查的仔细检查结果，从而致使仔细检查结果不准确，一般健康检查已经结束以后，便可以口服降压药。
心血管科,紧张引起的高血压怎么治疗较优？,这段时间我的精神非常的不好，医生说我得了高血压。紧张引来的高血压怎么治疗？,在再次出现长期的过度紧张或再次出现加班的情况下，都是可能会致使再次出现高血压的情况再次发生的，在再次出现这种情况之后，还是需要有根据血压的具体程度以及身体症状实施治疗的，在再次出现紧张引来的高血压之后，只要没再次出现明显的不适症状，暂时可以不必药物治疗，在精神紧张缓解之后，高血压的情况就会逐渐消褪彻底恢复。
心血管科,高血压胸闷怎么处理较佳？,我爸爸患高血压已经有一段时间了，昨晚打电话跟我说晚上睡觉时常常感觉胸闷，睡不安稳，我查资料查了一下也分辨不出的是什么原因，您好我爸爸高血压胸闷怎么办？,睡午觉的时候再次出现这种胸闷的话，既往有这种高血压的情况。像这种情况的话，一定要排除冠心病，心肌梗死的。像这种情况，首先要排除急性心肌梗死。这种情况的话，建议去你们当地医院的心内科，然后住院正规治疗，得去仔细检查个心电图看一下，或者是抽血化验。平时的话一定要控制好血压，包括控制好基础方面的许多饮食。还是正规治疗的。
心血管科,颈椎引起的高血压，怎么处理较佳？,我老公今年才四十六岁而已，他患颈椎病好多年了，现在引来了高血压，我非常担心他。我想要进行咨询一下医生，就是关于颈椎引来的高血压，应当怎么治疗才好？,中年男性颈椎病十多年，现在又已经开始再次出现了高血压，首先颈椎的问题已经再次出现就不可以扭转的，比如说骨质增生，对于已经纤维化的部分无法扭转，但是可以用药控制症状，同时多加足量活动，少做伤害颈椎的动作，可以减缓进步，至于已经再次出现的高血压，长期用药控制，检验血压就好了。
心血管科,临界高血压救治率有多高？,临界高血压治好率有多高？适用于的病人是哪些？需要有病人怎样互相配合治疗？,高血压是慢性的生活方式病之一，是终身性疾病，是不能治好的，但是早期干涉高血压的危险因素，非常重要。如果确诊了高血压，就应当根据血压情况，适当的使用降压药物，一定要注意发生改变不良的生活方式，应当经常活动，减低体重，低盐低脂饮食，保持良好的深度睡眠，始终保持心情舒畅。
心血管科,高血压吃药后还能停吗？,得了高血压的姥姥，一直在喝药治疗。有谁知道高血压吃药后还能停吗？,如果是再次出现了高血压，尤其是原因搞不清楚的原发性高血压，必需要有长期口服药物，不能够停药，需要有终身口服降压药物，才可以预防出现并发症的再次出现，大多数高血压原因搞不清楚的必须要终身治疗，长期口服药物，口服药物期间也需要有注意药物的副作用或者是不定期的进行血脂血糖的仔细检查是不能够停药的。
心血管科,18岁高血压怎么治疗？,医生我儿子这段时间总是说觉着自己身体不舒服，我就带他去医院仔细检查了，结果发觉是有点高血压，我不知晓为什么他个小孩子也会高血压，想问医生，18岁高血压应当怎么治疗好？,按照你目前的情况看，如果在18岁再次出现了高血压的问题，这种情况往往和继发性的高血压疾病有直接的关系。建议您可以考虑及时到医院进一步的明确排除了肾动脉的狭窄，嗜铬细胞瘤、肾上腺素瘤等。同时一定要注意增加过度的操劳。一般在积极的治疗原病发之后，这种情况大多数会明显的转好。
心血管科,高血压头痛怎么处理正确呢？,我父亲有高血压的病史好多年了，现在有头痛。您好高血压头痛怎么治疗正确呢？,父亲有很多年的高血压病史，现在再次出现头疼的症状，主要是控制好血压。可以口服依那普利、硝苯地平缓释片等降压药物，注意始终保持情绪稳定，心情舒畅，多进行适当运动，不要吃肥肉，动物内脏等脂肪、胆固醇含量高的食物。头疼厉害也可以口服止疼药物治疗。
心血管科,高血压要注意哪些问题？,你好医生，我想知道高血压要注意哪些问题？我过几天回老家过节，准备带点手信回来，我爷爷有高血压，怕买到不合适的东西赠给他，所以想着提早理解一下，回来也好照料他。,按照你目前的情况看，如果再次出现了高血压的问题，这种情况往往和个人的生活习惯等有直接的关系，比如长期过度的饮食刺激油腻都可以引发这种情况，建议可以考虑尽量多吃一些新鲜的水果和蔬菜，可以考虑使用丹参泡茶。注意适度的锻炼身体，积极的减低体重。增加钠盐的摄取。
心血管科,父亲高血压脑梗塞饮食需要注意哪些？,之前父亲有高血压好几年了，有一次过年喝啤酒，突然晕倒了，送往医院，结果是脑梗塞，逐渐恢复的还不错，就是腿脚不方便，走路不太顺，手都还能动能自己吃晚饭，父亲高血压脑梗塞饮食需要有注意哪些？,你父亲患高血压病，有过脑梗塞复发的情况，目前遗留下来有走路不稳的后遗症，脑梗塞常见的就是偏瘫后遗症，你父亲逐渐恢复了一定的自理能力，这种情况需要有看重预防出现，禁止病情病发，可以在神经内科看一看，让医师指导使用稳定脑循环往复，控制血压的药物，平时不要抽烟喝啤酒，饮食清淡，少吃腌渍，油腻食物。
心血管科,高血压头痛症状该怎么治疗？,我患高血压好久了，这几天不知晓怎么回事经常头痛，高血压头痛症状该怎么治疗？,高血压致使头痛，这种情况一般和脑动脉硬化，脑供血不足，然后反射性引起高血压关于，所以这种情况治疗的话，首先是要控制血压，因为持继血压高，有可能会再次发生脑出血的危险，另外就是稳定大脑血液循环，增强大脑的氧供应量。改正大脑缺血缺氧的状态，最好是到医院或者门诊复诊在医师的指导下恰当使用药物治疗。
心血管科,高血压2期要怎么办呀？,医生我岳父他有高血压，您好一下医生高血压2期要怎么办呀？,你岳父患了高血压的话，一定要及时的口服降压的药物要按时定量的口服，以防引起血压升高的话，产生一些其他的并发症状如脑淤血的，另外的话患了高血压一定要低盐，低脂肪的饮食，可以多吃一些新鲜的蔬菜和水果，千万千万要禁止情绪的震荡，不要大喜大悲，保持心态平和。
心血管科,高血压的靶器官损害是指什么?,高血压的靶器官危害是指什么?一般情况下在哪里可以看见危害程度呢？,指的是心脑血管，肾脏等器官遭到血压的影响。高血压患者会再次出现一些并发症，包括心脑血管意外，肾脏功能疾病，糖尿病等等。建议高血压患者一定要在医生的指导下，正确口服降压药物，禁止病情进一步扩张，而影响到身体的其他器官。饮食一定要注意，恰当，膳食规律作息。
心血管科,脑出血，高血压该注意什么，吃些什么?,一直以来，爷爷就患高血压，有的时候经常头晕，叫他不要下地干活，他总是去不相信我的话，早两天进去干活不小心摔了一跤，致使脑出血，您好一下。老年人脑出血，高血压该注意什么，吃些什么?,患者如果因为高血压而再次出现脑出血症状的话，建议在日后一定要引来看重，定时口服降压药，因为高血压患者在一次脑出血之后，如果不及时对症治疗的话，有可能会再次出现二次中风的风险，会对身体机能引发更大的危害，日常生活中要让患者多休息，并且情绪不要太激动，要戒烟戒酒。
心血管科,高血压引起脑栓塞的病人日常能吃什么，舌头很痒,我是个高血压病患者，像我这样的一种情况，需要有三年的时间了，这三年来我在饮食方面一直都很小心翼翼，就怕出差错了，会有生命的危险，您好高血压引来脑栓塞的病人日常能吃什么，舌头很痒怎么办？,对于脑梗塞患者同时又有高血压，这种情况饮食要控制好，平时要以素食为基础，不要吃太油腻的，而且每天要有活动。你的舌头痒可能会跟脑部供血不好有关系，可以口服活血化瘀的中成药实施治疗。同时您要注意监测数据血压，血糖和血脂，把这些都始终保持在理想水平。
心血管科,高血压喝什么药？,爷爷年纪也大了，心血管疾病也有些症状了，我给他量了好几次血压，血压都是偏高的，可能会是烦心事有点多的，爷爷一直都闷闷不乐的，高血压是挺危险的，想买点降压药，高血压喝什么药？,高血压可以致使动脉硬化，致使再次出现脑出血、心脏疾病等情况的再次发生，所以只要再次出现高血压的情况的话，就需要有根据情况及时的实施对症治疗，以增进血压的上升彻底恢复，在实施血压的药物治疗时，则需要有根据血压的具体类型决定合适的降压药物治疗，这个需要有面诊医师实施仔细检查开据的。
心血管科,老年人高血压注意事项有什么?,我爸快七十了身体没其他什么毛病，就是高血压。医生又说这个也是个大问题，会引来许多心血管疾病，所以很担心呀。不知晓老年人高血压有哪些注意事项呢？,老年高血压患者如果控制不好容易引来心脑血管疾病，特别是拆分有肥胖、动脉粥样硬化、糖尿病、高脂血症等危险因素的患者。因此，理应首先到医院实施一下心脏彩超、心电图、血管磁共振、血糖、血脂、血压等详细仔细检查，根据仔细检查结果决定恰当用药方案。平时理应惯不定期监测数据血压的习惯，发现异常及时进行咨询复诊，要在医生指导下实施饮食重新调整，适当活动，重新调整药物等。老年人血压不宜降得过低，一般血压控制在140-150mmHg/80-90mmHg即可。
心血管科,冠心病的高血压患者吃什么降压药好呢？,我的奶奶去年患了冠心病，在前段时间，我奶奶经常头晕，心颤，我带她去看了医生，才知晓是高血压。我想您好一下有冠心病的高血压患者吃什么降压药好呢？,现在患者患冠心病，同时他又有高血压，像这种情况为了增加用药的数量，应当决定既能降血压，又能治疗冠心病的药物实施治疗，优先选择钙离子拮抗剂的。这两类的药物有许多，这类的药的作用特点就是能扩展冠脉，同时能减低血压，除了适当的降低心率的作用。适合老年人伴发冠心病的高血压患者口服。
心血管科,高血压的人应该注意什么？,老人家已经得了有老年痴呆症一年多了，最近一段时间就老是喊头晕，头疼。我姐姐说是高血压引来的，我们之后也给他吃了降压药。现在就是饮食方面，想问下医生，高血压的人应当注意什么？,1.首先患者需要有增加盐分的摄入，盐一般一天的摄取量不能够大于六克。2.注意血压需要有及时治疗，防止出现许多其他的严重病情，比如说可能会再次出现脑出血等情况。3.饮食一定要注意清淡，不能够吃太过油腻的食物，尤其是所含脂肪量高的食物，注意多加休息。
心血管科,高血压引起脑出血后还能过性生活吗？,医生，你好！我前年管了高血压，一直都在治疗，去年高血压引来脑出血，也一直在治疗，但是毕竟还不是很大年龄，有时候还是会想过性生活，您好高血压引来脑出血后还能过性生活吗？,患高血压，同时得过脑出血，这种疾病，一定对性生活会有负面的影响，但是你在病情控制比较理想的时候是可以过性生活的，但是不能够太频繁。最重要的是要把血压控制好，要长期的口服降压药物，把血压控制在130/90以下，同时还要口服营养脑细胞的药物。病情稳定了就可以过性生活。
心血管科,吃哪种治疗高血压的药更合适？,我现在刚好59岁，患高血压也有一段挺长的时间了，在这段时间里我看了许多次医生也口服了很长时间的降血压药物，但是血压一直没下去，我吃哪种治疗高血压的药更合适？,降压药物一共有五种，一般也是需要有逐渐加药以及逐渐加量的，如果说两种降压药物效果仍不好，是可以参与利尿剂的，如果三种包括利尿剂在内的降压药物降压，而血压控制也不是很好，这种情况下考虑为难治性高血压病，必要时需要有运用阿尔法受体阻断剂的，建议复诊实施重新调整血压。
心血管科,请问高血压可以吃驴胶补血颗粒吗？,朋友前几天送了盒驴胶补气颗粒，但我有高血压不知晓能不能用，您好高血压可以吃驴胶补气颗粒吗？,如果您有贫血，高血压可以吃驴胶补气颗粒，驴胶补气颗粒是补气的，主要是治疗贫血的，如果您没贫血不需要口服，高血压一定要按时服药降压药，将血压控制在正常水平，生活中要低盐低脂饮食，B超肥肉、蛋黄、鱿鱼、鱼籽、动物内脏等，多吃蔬菜水果，戒烟戒酒，坚持锻练。
心血管科,高血压怎么样治疗?,我叔叔最近一直头晕，每天都休息不好，去医院仔细检查说是高血压，挺严重的，现在在医院治疗，家人叫我来问问医生高血压怎么样治疗?可有比较有效的办法？,你叔叔近期有头晕，睡眠不好的症状，在医院仔细检查提示有高血压，可能会跟年龄减小，血管老化硬化关于，血压调整能力消退，目前治疗高血压最主要的方法就是口服降压药，建议复诊医院心内科，让医师检查一下，开一些降压药，按时口服，不定期复检血压，把血压控制好。
心血管科,高血压正常值范围？,医生我现在50多岁了，最怕的高血压，您好高血压正常值范围？,您好，正常情况下，低压不能够高过90，高压不能超过120，在这个范围之内，这是正常的血压，如果超乎这个数值的时候，会再次出现头晕心慌头痛的感觉，那就需要有及时的用药物控制，如果有高血压一般是建议低盐低脂肪饮食。可以吃长效的降压药物，控制血压。
心血管科,高血压的诊治方法,奶奶年龄不小了，可能会因为家里生活条件差身体没时间搞坏，自从家里条件慢慢变好奶奶天天大鱼大肉，长时间的累积致使奶奶再次出现三高现象，您好老年人高血压的诊病是怎样？,随着年龄的增涨，动脉再次出现粥样硬化，就会致使动脉管腔再次出现狭窄经轮儿致使高血压的构成，这种情况跟三高是有一定的关系的，平时一定要综合防治三高，禁止大鱼大肉，饮食宜清淡，少吃辛辣刺激饮食，低盐低脂饮食，这种情况方才能有效预防出现高血压的再次发生，但是如果一旦高压构成就得口服药物治疗。
心血管科,高血压患者可以使用足浴盆吗？,医生，我老妈是一位高血压患者。然后我特别担心，也期望妈妈可以快点好下来。不知晓医生你有什么好的建议没？高血压患者可以使用足浴盆吗？谢谢医生。,高血压的患者当然是可以使用足浴盆的，经常的泡脚对身体是非常有好处的，但是足浴盆是不能治疗高血压的，所以如果你母亲的血压还是比较高的话，要及时的到医院给她进行额外的仔细检查，比如说24小时血压看护，心脏彩超确认基本情况，然后给他用一些适合他的药物以便将血压控制在比较好的水平。
心血管科,高血压引发全身痉挛怎么办？,高血压十几年了，现在却时不时的会再次发生全身剧烈疼痛，高血压引起全身剧烈疼痛怎么办？,如果高血压疾病十几年了，而且现在再次出现全身个剧烈疼痛的话，可能会是由于血压控制不稳定引起来的这种情况下，首先要把血压控制在个平稳的水平，建议重新调整高血压用药，除了就是可以做个头颅CT的仔细检查，排除一下脑血管疾病的，平时的话注意仔细检查血脂，肝肾功能。
心血管科,头痛和高血压有关系吗？,我在家的时候经常听我妈说她头痛头晕，我们也带她去医院做过仔细检查，仔细检查了颈椎心脏和血液，医生说她有高血压，头痛和高血压有关系吗？她并不是一整天都在疼只是有些时候会再次出现头疼是不是高血压的原因？,头痛头晕，有可能是高血压引来的，如果是仔细检查血压比较高，那就需要有用降压药物治疗的，这样就可以控制疾病的，如果是血压控制后除了头痛，相信是有神经性头痛，鼻窦炎，就需要有做个仔细检查，明确疾病的类型，如果是有神经性头痛，需要有用活血药物治疗，这样就可以控制疾病的。
心血管科,高血压药中有利尿剂是什么意思？,我同事一直患高血压，他说是隔代遗传他妈妈的，他妈妈有高血压所以她生下来也有。不是太严重，喝药一直可以控制。最近我们在一起试验了一下喝的高血压药，高血压药中有利尿剂是什么意思？,如果再次出现了高血压的问题，可以考虑运用利尿剂，有助于减低心当血管的压力。如果常规口服加药物效果不佳。建议您可以考虑联手性地运用多种不同压药物。如果拥有了糖尿病或高脂血症的问题，不建议吃利尿剂，往往比较容易再次出现了糖脂分解代谢的紊乱。以上可以做为参考。
心血管科,高血压可以停降压药吗？,我老妈现在是高血压，而且已经达到了180。这两年老妈的是靠高血压降压药来保持的。现在老妈说想要停降压药。高血压可以停降压药吗？会有什么后果吗？,高血压一般是需要有长期降压药物实施控制的，不过在再次出现高血压之后，只要通过饮食活动的调养，血压可以完全控制的话，也可以不必专心降压药物，现在这种情况主要还是需要有根据血压的数值的情况实施推测的，若是血压不能够通过饮食活动调养的方法实施控制的话，是需要有长期降压药物的。
心血管科,治疗高血压的药有哪些？,我的老母亲是一位常年的高血压患者。平常的时候我都会给他买足量的降血压的药，以保持他的生活。但是我听我的医生朋友说，常年的吃一种药，会带给副作用。所以我想问一下治疗高血压的药有哪些？,治疗高血压的药是比较多的，比如硝苯地平，复方地巴唑氢氯噻嗪胶囊。除了罗布麻的。因为个体差异，对药物的敏感度不一样，要根据自身的情况，试着吃降压药，感觉哪种药效果好，副作用比较小，就可以吃哪一种降压药的，要根据血压的情况用药，防止致使血压太低了。这类的药需要有在当地医生的指导下用药。
心血管科,原发性高血压能改善吗？,一直不知晓自己有高血压，以为只有到五六十岁才会得，直到他前两天脑袋疼，无法集中精力去工作，才想着去医院找医生开几颗镇静的药吃，这才知晓有原发性高血压，原发性高血压能治愈吗？,如果再次出现了原发性的高血压，这种情况往往和个人的生活习惯有直接的关系。建议您可以考虑及时的口服药物控制症状。平时一定要注意，饮食清淡，增加油腻食物的摄取。原发性高血压是需要有长期口服药物的，是不可以治愈的。注意不定期的测定血压的情况。以上可以做为参考。
心血管科,高血压怎么调节？,医生本人男，今年56岁。最近有些心慌，就去仔细检查了一下，说是血压有些高。我有些担心，所以来问你一下，高血压要怎么调整？除了平时应当不能够吃什么东西？,高血压一般要子医生的指导下规范化口服降压的药物来控制血压。并且不定期复检血压，根据血压的控制水平重新调整降压药物的剂量或者是换新降压药物。高血压的治疗要从生活和药物两方面一下手，在生活上要注意低盐低脂饮食、多吃蔬菜水果、多活动。特别是要影响盐的摄取。不要吸烟喝啤酒。
心血管科,我妈工作时晕了似乎高血压？,我妈是做保洁工作的，但是昨天被人送回了家，送回去的工友说我妈工作时晕了似乎高血压这引来的。我起先只知晓低血压会昏倒没想到高血压这，我妈血压我也不知晓，她也不知晓自己血压高不高一直说自己没事儿就是累了，我需不需要带她去医院做个健康检查？,患者目前在工作的时候再次出现昏倒，如果有高血压这种情况，有可能会致使血压下降，有可能会引来脑血管疾病，会引来上述临床诊断症状，如果有必要建议先控制好血压，防止操劳，建议还是需要有到神经内科改进头颅血管仔细检查，排除脑血管问题，平时低盐低脂饮食，多运动多活动。
心血管科,我是高血压吗？,医生我也不知晓该怎么说，就是在药店每一次的半价量血压的时候，我都会量出的，血压有点偏高，已经有好几次了，然后偶尔我会有一些头晕的症状，所以现在想问一问，我是高血压吗？,你这个问题，首先你应当去医院不同时间段测定血压三次，如果血压值大于140/90毫米汞柱以上，证明你是高血压患者，高血压患者会有头昏，头晕，心颤，头痛等不适症状。根据你的血压情况，在确认如何要吃降血压药物来治疗，对于你这个年龄段的人来说，应当平时注意低盐低脂饮食，保持良好的心情，不能够熬夜，适当的锻练。
心血管科,孕晚期高血压要住院吗,我姐姐怀孕已有37周3天了，踏入孕晚期了，由于她是个35岁的高龄孕妇，所以精神状态非常不好，今天上午她突然说她心跳声有些快，头又有些晕，然后我给她讲了血压真的很高呢，孕晚期高血压要住院吗,高龄孕妇高血压孕妇在妊娠晚期，是有可能产生妊高症的。现在你姐姐这两方面因素都占全了，所以再次出现妊高症的几率比较高，现在他需要有住院仔细观察。要住院监测数据自己的血压，同时监测数据胎儿心率，发觉了异常就要及早的已经结束早孕，剖腹产把胎儿拿出来，这样，对胎儿对母亲都是最安全的决定。
心血管科,高血压患者可以饮桑葚泡的酒吗？,高血压患者可以饮桑葚泡的酒吗？本人因为每天睡午觉手脚都特别的冰凉，喝点桑葚泡的酒，晚上就可以睡得特别的暖，但是后来被说有高血压之后，就不知晓能不能喝，毕竟是酒类的东西。,高血压患者如果极少量的饮用桑葚泡酒，对血压是没影响的。如果饮用的量特别大，那就不行了，有可能升高血压，每日的饮用量不超过一两，是对身体有好处的，有活血化瘀的作用，可以增进末梢的循环往复。大量的饮这种酒会激动心率升高血压，是不行了的。以上可以做为参考。
心血管科,高血压舒张压高怎么办？,最近家里的事特别多，我忙来忙去的很累，尤其是这几天总是感觉头时不时的会晕，我去医院仔细检查了一下，医生说我高血压舒张压高，让我一定要小心，可是我一点儿都不懂，您好高血压舒张压高怎么办？,早期的高血压，绝大多数是以舒张压升高为基础的。如果现在的数量也没低于100，可以不口服降压药物的，但是要控制好生活习惯，要注意低盐低脂饮食，要少吃肥肉，要多饮水，每天还要有活动的习惯，不能够熬夜，要保持良好的深度睡眠，现在你备感头晕的，可以口服活血化瘀的药物治疗一下。
心血管科,高血压压差小怎没服药这样好吗？,嗯，您好。我家族有隔代遗传高血压病史。最近我量血压，高血压压差小怎没服药，这样会不会有什么不良反应？会不会有什么不好的影响。我不喜欢喝药。没别的方式，做手术可不可以呀。,患者如果有家族的隔代遗传高血压病史，并且已经再次出现高血压症状的话，建议在日常生活中，最好还是实施降压药物的口服治疗。由于高血压病拥有终身性的疾病，在目前的医学条件来说，是没有办法彻底缓解的，只能控制血压以防并发症的再次发生，因此没手术能针对性的治疗高血压。
心血管科,老人高血压吃什么食物好？,我姥姥高血压，老迷糊，她还犟，不让人侍候她。我们担心她自己个有啥事旁边连个人都没。给她接来跟我们一同住，她还说上楼下楼费劲，太累，在自己家随便，这一会要去看他。您好老人高血压吃什么食物好？,高血压患者饮食以清淡营养易消化为基础，防止排便极冷油腻刺激性的食物，多吃新鲜水果和蔬菜。晚辈实施看望时刻适当的为老人出售新鲜当季的水果和蔬菜，纯奶也是不错的决定。针对患高血压疾病的老年群体建议和子女一同暂住，再次发生不适时，可及时采取有效的治疗。
心血管科,胸闷，高血压怎么治疗?,这几天经常备感有些胸闷不舒服，常常还会头晕，我担心自己的身体去医院做了仔细检查，仔细检查出是患高血压。我觉着这给我的生活带给了很大的影响，想和医生进行咨询一下胸闷，高血压怎么治疗？,现在你有高血压同时又有胸闷，证明高血压拥有并发症了。这种情况首先你要把血压降下去，你这个年龄段应当口服β受体阻断剂或者血管紧张素转化酶抑制剂治疗。同时您控制一下饮食，要注意低盐低脂饮食，少吃肥油，多吃蔬菜水果。你要防止熬夜，要不定期复检血压，根据情况重新调整治疗方案。
心血管科,高血压，饮食需要注意什么?,我个朋友她的脾气不是特别的好，前段时间去医院仔细检查出高血压，他本来就不是个让人挺省心的一个人，跟个小孩子一样。我非常担心。您好一下医生，高血压饮食需要有注意什么？我好叮嘱他。,高血压的饮食注意很关键。平时生活中一定要低盐饮食，盐的摄取不要过多，像咸菜，榨菜，咸鸭蛋这些食物都要防止口服。多吃绿色新鲜的蔬菜，比如说芹菜黑木耳等，既能消化丰富的维生素，还能起些辅助降压的作用。饮食只是降压的个方面，同时一定要坚持口服药物治疗，防止引来血压的震荡。
心血管科,产后高血压有什么治疗方法？,我的媳妇生完孩子有二十几天了，在坐月子期间得了高血压，头颅后面疼的厉害，因为还在哺乳期也不敢多吃降血压的药，所以到现在还是没把血压降下来，有关产后高血压有什么治疗方法？,需要有看血压的具体严重程度，如果血压偏高并不是许多，可以通过食疗，对乳汁基本没影响，平时多吃蔬菜，少吃荤菜，防止油腻，高胆固醇，等食物的过多摄取，控制盐分的摄取。如果血压高的比较厉害，建议需要有高血压门诊复诊，采用降压的药物来实施对症治疗，有的降压药物对乳汁会有一定的影响，需要有停止下来母乳喂养。
心血管科,高血压可以免体测吗？,我有些高血压，学校近期要准备体测了，您好医生，高血压可以免体测吗？,这个年龄再次出现高血压的情况，要戒备是否有肾性高血压的情况，注意仔细检查尿液和肾功能情况，测血压是可以半价的，到医院或学校医务室去检验血压，但是仔细检查血压前应休息半个小时左右，最好是早上监测数据比较准确，有必要做进一步仔细检查推测，注意情绪和饮食的调理。
心血管科,富贵包会引起高血压吗？,以前是做毛绒哦玩具的设计师经常低头开纸样，现有有严重的富贵包，富贵包会引起高血压吗？,如果再次出现了富贵包这个部位，一般考虑有颈椎的曲度发生改变引起的，一旦再次出现这样的症状，必须要及时的注意平时的座位姿势以及枕头的高度。同时再次出现这种情况不能够排除可以引致高血压再次发生的几率。必须要及时的改正错误。高血压一般和遗传性也有一定关系。
心血管科,降高血压药有哪些呢？,一直被高血压困恼好多年了，治疗也没有用，想知道降高血压药有哪些呢？,降高血压的药物有很多种不同，硝苯地平缓释片，硝苯地平控释片，除了卡托普利，倍它乐克等很多种不同。建议在医生指导下决定适合自己的降压药物。降压药物一定要按时口服。并不定期监测数据血压的高低。只要能用较少的剂量达到较好的血压控制目标就可以了。平时注意饮食，低盐低脂饮食，少吃油腻油炸食物，惯良好的生活作息习惯。
心血管科,什么是心度高血压？,最近被查出来患高血压，说和普通的不一样，是心度高血压，什么是心度高血压？,没心度高血压这一说。你说的应该是II度或III度高血压。不过现在这些概念都用不着了。高血压现在是按照血压水平分3级，同时结合拆分的危险因素做危险性检验分成低危、中危、高危、很高危。就看你的血压是在哪一个水平，可有拆分有其他的危险因素。再根据这些情况做针对性推测和治疗。
心血管科,高血压有哪些种类？,前几天我跟我老公都去医院仔细检查身体了，我身体还挺健康的，但是我老公却查出来得了高血压，我在网上看过，高血压好象是有分好多种不同的，您好高血压主要有哪些种类？,可以把高血压分成原发性和继发性两种类别。原发性的高血压症状是搞不清楚原因的血压下降，占九成以上的高血压患者都拥有原发性的高血压。所以，这种搞不清楚病因的高血压很难被治愈，从而构成一种慢性病。而这种慢性病对大脑，心脏，血管的伤损较大，因此，要注意预防工作这种高血压的患病风险，始终保持健康，清淡饮食，始终保持心情舒畅，适当调整压力，松懈身心等等。反之，继发性的高血压就是可查具体原因的高血压，可以及时发现并治疗。这种高血压再次发生的概率一般在8%左右，病因有疾病、精神问题、生活环境的刺激、不良生活规律和隔代遗传
心血管科,高血压饮食疗法有哪些？,因为工作的原因，经常要进去喝啤酒，陪客人吃晚饭，经常大吃大喝的，把高血压吃出的了，感觉年纪越大就特别怕死，干脆离职了，现在在家里天天素食，但是血压还是高，高血压饮食疗法有哪些？,高血压一般情况下应当口服药物实施治疗，一旦诊断高血压就拥有终身疾病。只靠饮食疗法一般很难控制。可以低盐低脂饮食，多吃蔬菜水果，消化维生素，有软化血管的作用，少吃油腻大的食物以及辛辣刺激性食物，平时应当始终保持心情愉快，多锻炼身体。以上可以做为参考。
心血管科,孕晚期高血压该怎么办？,我现在怀孕八个月了，我最近感觉头有点晕，我就去医院做了仔细检查，查出来有高血压，我就挺担心孩子的安危的，毕竟现在已经到了孕晚期了，特别的担心，孕晚期高血压该怎么办？,妊娠晚期再次出现高血压，是孕妇常见的也是最严重的并发症，可引发胎儿以及孕妇本身的濒死，应当引来足够多的看重，一定要互相配合医生实施积极的治疗和预防工作。根据血压的高低重新调整用药的剂量，如果症状不稳定和血压持继偏高，应当及时的住院治疗。医生会根据胎儿的情况，作出准确的推测和治疗。
心血管科,男性高血压怎么办？,我今年刚当兵回去，可能会是在部队吃的比较好吧，回去健康检查的时候得了高血压，我一直想不懂我在部队天天锻炼身体，高血压不是老年人才会有的症状吗，我才22岁想把这个问题连根解决，想知道许多男性高血压方面的技术。,男性再次出现高血压，一定要及时的治疗，绝大多数情况下需要有根据病情来决定降压药物，对于高血压一定要注意，不能够吃太多的食盐，控制平时的饮食结构。需要有遵医嘱来决定降压药物，可以联手口服降压药物，同时也需要有注意低盐饮食非常重要，平时的饮食习惯多运动多锻练有帮助。
心血管科,高血压压差小怎没服药这样好吗？,嗯，您好。我家族有隔代遗传高血压病史。最近我量血压，高血压压差小怎没服药，这样会不会有什么不良反应？会不会有什么不好的影响。我不喜欢喝药。没别的方式，做手术可不可以呀。,患者如果有家族的隔代遗传高血压病史，并且已经再次出现高血压症状的话，建议在日常生活中，最好还是实施降压药物的口服治疗。由于高血压病拥有终身性的疾病，在目前的医学条件来说，是没有办法彻底缓解的，只能控制血压以防并发症的再次发生，因此没手术能针对性的治疗高血压。
心血管科,高血压患者的饮食注意及日常防护?,我家里有亲人患高血压，所以我对于高血压患者的饮食注意及日常防御特别关心，想知道应当如何做对高血压患者的康复有帮助，之前有据说患高血压去死的事情，觉着心里怕怕的。,"如果患者血压很高是需要有用药的，而且需要有随身携带降压药。平时的饮食需要有注意低钠低脂高钙高钾，多吃新鲜的水果和蔬菜，不要吃极冷的食物和辛辣刺激性的食物，患者还要注意节食,适当活动,调整心情，勤测血压。患者睡午觉前用热水泡脚,可以增进身体的血液循环,预防工作动脉血管硬化,脑缺血等并发症。"
心血管科,高血压引起脑栓塞的病人日常能吃什么，舌头很痒,我是个高血压病患者，像我这样的一种情况，需要有三年的时间了，这三年来我在饮食方面一直都很小心翼翼，就怕出差错了，会有生命的危险，您好高血压引来脑栓塞的病人日常能吃什么，舌头很痒怎么办？,对于脑梗塞患者同时又有高血压，这种情况饮食要控制好，平时要以素食为基础，不要吃太油腻的，而且每天要有活动。你的舌头痒可能会跟脑部供血不好有关系，可以口服活血化瘀的中成药实施治疗。同时您要注意监测数据血压，血糖和血脂，把这些都始终保持在理想水平。
心血管科,高血压性心脏病有哪样的症状？,医生，我很容易会再次出现心跳加快，胸口闷，呼吸困难的症状，因为我去医院仔细检查出我是有高血压性心脏病的，我很担心我是治不好了的，您好高血压性心脏病有哪样的症状？,一般高血压性的心脏病左右的临床表现就是高血压，由于长期的高血压，而致使心前区疼痛，心率增快，胸闷等有关感觉，严重的有可能会引致，心功能不全，所以有长期高血压的患者，如果引致心绞痛信息不全的话，有可能是因为高血压引来的心脏病，这种情况治疗的话，主要是减低血压，减低心脏的后负荷，再就是营养心脏的药物治疗。
心血管科,高血压出现抗药性怎么办,我高血压两年多了。一直吃海捷亚药，刚开始时这药的效果还是不错的，血压控制得非常好。可是最近几个月发觉这药效果不那么明显了，有时候双倍药量都不行了，是产生抗药性了吗？,你这种情况，大概是你目前因为妇产科，再次出现内分泌紊乱等因素，引来血压不稳定。所以这种情况，建议你暂时不要增大药物的剂量，平时主要是注意发生改变一下生活方式，比如说饮食方面，注意多吃许多新鲜的蔬菜和水果，尽量避免吃高热量、高脂肪和高胆固醇类的食物，每天坚持个小时左右的有氧运动，这样对减低血压非常的有利。
心血管科,神经性高血压怎么治疗？,医生我个同事最近经常感觉到头晕，一开始还以为是工作太累了补课休息，但是后来还是不舒服，去医院仔细检查后说是神经性高血压，所以神经性高血压怎么治疗？,如果是再次出现精神紧张引来的神经性高血压，必须要注意工作，不能够太过操劳，一定要始终保持深度睡眠要充足，始终保持心情舒畅，防止有工作压力，心理压力，同时针对这种高血压也是需要有口服降压药物的，在口服药物期间需要有注意低盐饮食，主要是不能够抽烟喝啤酒，一定要始终保持深度睡眠充足。
心血管科,高血压降下来就不用吃药了吗？,我叔叔是患高血压三年了，他一直是在喝药的，但是他这段时间说他的血压已经是降下来了，就不想喝药了。他也不去看医生，就想自己停了不吃了。高血压降下来就用不着喝药了吗？,高血压患者如果血压已经上升下来，考虑主要是运用药物致使再次出现的血压下降，如果停用药物后，这种血压就会逐渐的下降。所以还是不能停用这种降压药物的，建议还是需要有实施稳固治疗，需要有保持这个剂量实施长期的口服，同时也要确保良好的休息和深度睡眠，确保良好的情绪，才有助于血压的正常。
心血管科,高血压头晕眼胀怎么搭配服药呢？,医生您好，我从去年就已经开始有了高血压的毛病，一直都在口服降压药物，血压控制的还不错。但是这段日子头晕的特别厉害，还感觉眼发胀。像我现在的这种症状，高血压头晕眼胀怎么配搭服药呢？,高血压是一种慢性病，需要有长期口服药物实施控制，如果把血压控制在正常范围，绝不会再次出现头晕眼胀的情况，再次出现头晕脑胀的情况，应该是血压下降了，可以到正规的医院去做一下仔细检查，看一看，如何药物需要有对换，还是需要有增大剂量控制血压，那在饮食上一定要低盐膳食，控制体重，多吃蔬菜和水果，确保充足的深度睡眠
心血管科,颈椎狭窄会引起高血压吗,医生，我想问问您，就是这个颈椎狭窄会引来高血压吗？我就是一直以来坐体力活，最近去医院仔细检查，医生说我的颈椎被压迫狭窄了，我想知道，我这样会不会对血压不好.,你好！单纯椎动脉狭窄，一般会引来头晕，头胀症状。有的会反射性引来血压升高。有的血压绝不会下降。此种情况，注意防止熬夜，受寒操劳。戒烟酒。多清淡饮食。低盐低脂饮食。可以口服银杏叶片，尼莫地平片，阿司匹林肠溶片，阿托伐他汀钙，长春西丁等药物治疗。严重狭窄的。可以置放支架治疗。
心血管科,脑出血后遗症且高血压的药物有哪些？,一个月以前我奶奶生病住院了，他是脑出血，而且血压很高现在已经出院了，我们大家轮流照料他，现在他是脑出血后遗症，精神有点不太清楚。脑出血后遗症且高血压的药物有哪些？,那再次出现后遗症的患者主要就是决定另许多活血的药物，互相配合以防血栓形成的药物，互相配合针灸理疗和康复锻练等实施调养治疗，高血压患者主要就是决定运用许多长效的降压药物等实施对症治疗，可以决定运用许多沙坦类的降压药物。比如缬沙坦或者是厄贝沙坦等实施调养治疗。
